date,value
2024-10-16 14:03,51.90
2024-10-16 14:31,51.88
2024-10-16 14:49,51.85
2024-10-16 14:59,51.84
2024-10-16 15:22,51.76
2024-10-16 15:37,51.68
2024-10-16 15:47,51.64
2024-10-16 15:56,51.59
2024-10-16 16:25,51.41
2024-10-16 16:43,51.31
2024-10-16 16:55,51.25
2024-10-16 17:17,150.65
2024-10-16 17:33,150.54
2024-10-16 17:45,150.49
2024-10-16 17:55,249.94
2024-10-16 18:16,249.85
2024-10-16 18:37,249.74
2024-10-16 18:46,249.68
2024-10-16 18:56,249.62
2024-10-16 19:16,249.50
2024-10-16 19:27,249.43
2024-10-16 19:38,249.35
2024-10-16 19:48,248.82
2024-10-16 19:58,248.35
2024-10-16 20:43,246.48
2024-10-16 21:12,246.05
2024-10-16 21:35,245.75
2024-10-16 21:45,245.61
2024-10-16 21:55,245.50
2024-10-16 22:15,245.07
2024-10-16 22:34,244.22
2024-10-16 22:45,243.66
2024-10-16 22:54,243.25
2024-10-16 23:17,242.43
2024-10-16 23:33,242.21
2024-10-16 23:45,242.07
2024-10-16 23:55,242.02
2024-10-17 01:13,241.80
2024-10-17 02:19,241.72
2024-10-17 03:11,241.66
2024-10-17 05:13,241.54
2024-10-17 06:13,241.49
2024-10-17 07:14,241.42
2024-10-17 09:06,241.30
2024-10-17 10:47,241.20
2024-10-17 11:19,241.18
2024-10-17 12:17,241.11
2024-10-17 13:14,240.90
2024-10-17 14:20,240.56
2024-10-17 15:14,240.27
2024-10-17 16:18,239.91
2024-10-17 17:15,239.57
2024-10-17 18:14,239.25
2024-10-17 19:12,238.96
2024-10-17 20:28,237.14
2024-10-17 21:22,235.03
2024-10-17 22:13,233.34
2024-10-17 23:13,232.84
2024-10-18 00:19,232.45
2024-10-18 01:12,232.35
2024-10-18 02:18,232.30
2024-10-18 03:12,232.25
2024-10-18 04:15,232.18
2024-10-18 05:13,232.11
2024-10-18 06:13,232.07
2024-10-18 07:14,232.01
2024-10-18 09:06,231.88
2024-10-18 10:48,231.76
2024-10-18 11:22,231.74
2024-10-18 12:17,231.53
2024-10-18 13:14,231.18
2024-10-18 14:20,230.76
2024-10-18 15:13,230.43
2024-10-18 16:18,229.98
2024-10-18 17:15,229.42
2024-10-18 18:16,228.64
2024-10-18 19:12,228.01
2024-10-18 20:27,225.75
2024-10-18 21:21,224.53
2024-10-18 22:13,223.17
2024-10-18 23:15,222.91
2024-10-19 00:17,222.82
2024-10-19 01:13,222.75
2024-10-19 02:19,222.67
2024-10-19 03:11,222.64
2024-10-19 04:14,222.57
2024-10-19 05:13,222.50
2024-10-19 06:12,222.43
2024-10-19 07:13,222.39
2024-10-19 09:06,222.26
2024-10-19 10:43,222.17
2024-10-19 11:18,222.14
2024-10-19 12:16,222.08
2024-10-19 13:13,221.52
2024-10-19 14:18,221.13
2024-10-19 15:14,220.82
2024-10-19 16:16,220.36
2024-10-19 17:13,219.95
2024-10-19 18:13,219.62
2024-10-19 19:10,219.03
2024-10-19 20:26,217.36
2024-10-19 21:18,215.93
2024-10-19 22:12,215.50
2024-10-19 23:12,213.57
2024-10-20 00:16,213.13
2024-10-20 01:12,212.96
2024-10-20 02:17,212.86
2024-10-20 03:11,212.78
2024-10-20 04:14,212.74
2024-10-20 05:12,212.63
2024-10-20 06:13,212.60
2024-10-20 07:13,212.50
2024-10-20 09:12,212.39
2024-10-20 10:53,212.15
2024-10-20 11:24,211.96
2024-10-20 12:17,210.52
2024-10-20 13:13,207.44
2024-10-20 14:19,206.80
2024-10-20 15:12,206.40
2024-10-20 16:18,205.83
2024-10-20 17:13,205.39
2024-10-20 18:14,205.01
2024-10-20 19:12,204.57
2024-10-20 20:27,202.00
2024-10-20 21:18,200.91
2024-10-20 22:12,200.36
2024-10-20 23:14,197.78
2024-10-21 00:16,196.60
2024-10-21 01:12,196.47
2024-10-21 02:17,196.41
2024-10-21 03:10,196.32
2024-10-21 04:14,196.24
2024-10-21 05:12,196.20
2024-10-21 06:13,196.09
2024-10-21 07:14,196.05
2024-10-21 09:08,195.91
2024-10-21 10:51,195.79
2024-10-21 11:23,195.75
2024-10-21 12:17,195.57
2024-10-21 13:14,195.25
2024-10-21 14:21,194.86
2024-10-21 15:14,194.54
2024-10-21 16:19,194.11
2024-10-21 17:16,193.75
2024-10-21 18:16,193.32
2024-10-21 19:13,192.86
2024-10-21 20:28,190.37
2024-10-21 21:23,190.03
2024-10-21 22:13,188.68
2024-10-21 23:15,187.06
2024-10-22 00:17,186.78
2024-10-22 01:13,186.68
2024-10-22 02:19,186.55
2024-10-22 03:11,186.53
2024-10-22 04:15,186.41
2024-10-22 05:13,186.37
2024-10-22 06:13,186.28
2024-10-22 07:13,186.22
2024-10-22 09:07,186.06
2024-10-22 10:48,185.92
2024-10-22 11:20,185.85
2024-10-22 12:18,185.75
2024-10-22 13:14,185.53
2024-10-22 14:20,185.26
2024-10-22 15:15,185.04
2024-10-22 16:18,184.78
2024-10-22 17:15,184.50
2024-10-22 18:15,184.13
2024-10-22 19:12,183.81
2024-10-22 20:28,181.00
2024-10-22 21:22,180.06
2024-10-22 22:13,178.22
2024-10-22 23:15,177.99
2024-10-23 00:17,177.91
2024-10-23 01:12,177.86
2024-10-23 02:19,177.74
2024-10-23 03:12,177.71
2024-10-23 04:15,177.63
2024-10-23 05:13,177.62
2024-10-23 06:14,177.54
2024-10-23 07:15,177.53
2024-10-23 09:06,177.44
2024-10-23 10:46,177.34
2024-10-23 11:19,177.34
2024-10-23 12:17,177.28
2024-10-23 13:14,177.22
2024-10-23 14:20,177.18
2024-10-23 15:14,177.12
2024-10-23 16:19,177.09
2024-10-23 17:15,176.82
2024-10-23 18:14,176.54
2024-10-23 19:11,176.23
2024-10-23 20:28,173.80
2024-10-23 21:22,173.14
2024-10-23 22:13,171.24
2024-10-23 23:15,170.10
2024-10-24 00:17,169.86
2024-10-24 01:13,169.83
2024-10-24 02:18,169.75
2024-10-24 03:11,169.75
2024-10-24 04:16,169.67
2024-10-24 05:13,169.66
2024-10-24 06:13,169.59
2024-10-24 07:13,169.57
2024-10-24 10:46,169.40
2024-10-24 11:19,169.37
2024-10-24 12:17,169.36
2024-10-24 13:14,169.29
2024-10-24 14:20,169.06
2024-10-24 15:14,168.75
2024-10-24 16:18,168.18
2024-10-24 17:15,167.71
2024-10-24 18:15,167.33
2024-10-24 19:11,167.04
2024-10-24 20:28,164.66
2024-10-24 21:22,163.22
2024-10-24 22:13,162.12
2024-10-24 23:15,161.74
2024-10-25 00:16,161.30
2024-10-25 01:12,161.23
2024-10-25 02:19,161.15
2024-10-25 03:11,161.14
2024-10-25 04:15,161.05
2024-10-25 05:13,161.04
2024-10-25 06:13,160.96
2024-10-25 07:14,160.95
2024-10-25 09:07,160.85
2024-10-25 10:49,160.71
2024-10-25 11:21,160.54
2024-10-25 12:19,160.21
2024-10-25 13:15,159.75
2024-10-25 14:20,159.40
2024-10-25 15:13,159.12
2024-10-25 16:18,158.65
2024-10-25 17:15,158.33
2024-10-25 18:15,157.94
2024-10-25 19:12,157.59
2024-10-25 20:27,156.60
2024-10-25 21:21,154.94
2024-10-25 22:13,154.17
2024-10-25 23:14,153.14
2024-10-26 00:17,151.91
2024-10-26 01:13,151.89
2024-10-26 02:19,151.81
2024-10-26 03:11,151.80
2024-10-26 04:15,151.73
2024-10-26 05:13,151.71
2024-10-26 06:13,151.66
2024-10-26 07:14,151.61
2024-10-26 09:05,151.52
2024-10-26 11:17,151.43
2024-10-26 12:17,151.40
2024-10-26 13:13,151.33
2024-10-26 14:18,150.00
2024-10-26 15:12,149.52
2024-10-26 16:16,149.23
2024-10-26 17:13,148.73
2024-10-26 18:15,148.34
2024-10-26 19:11,148.06
2024-10-26 20:26,145.96
2024-10-26 21:18,144.86
2024-10-26 22:11,144.24
2024-10-26 23:13,142.42
2024-10-27 00:16,141.08
2024-10-27 01:12,140.76
2024-10-27 02:17,140.61
2024-10-27 03:10,140.58
2024-10-27 04:14,140.52
2024-10-27 05:12,140.47
2024-10-27 06:12,140.43
2024-10-27 07:13,140.38
2024-10-27 09:12,140.28
2024-10-27 10:52,140.23
2024-10-27 11:23,140.18
2024-10-27 12:17,139.73
2024-10-27 13:13,138.39
2024-10-27 14:19,137.78
2024-10-27 15:13,137.31
2024-10-27 16:18,136.81
2024-10-27 17:14,136.22
2024-10-27 18:13,135.75
2024-10-27 19:10,135.36
2024-10-27 20:25,132.29
2024-10-27 21:18,131.12
2024-10-27 22:12,130.38
2024-10-27 23:13,129.87
2024-10-28 00:16,128.21
2024-10-28 01:12,127.57
2024-10-28 02:17,127.54
2024-10-28 03:12,127.49
2024-10-28 04:15,127.44
2024-10-28 05:12,127.42
2024-10-28 06:14,127.35
2024-10-28 07:14,127.34
2024-10-28 09:09,127.25
2024-10-28 10:52,126.94
2024-10-28 11:24,126.74
2024-10-28 12:18,126.33
2024-10-28 13:14,125.82
2024-10-28 14:21,125.28
2024-10-28 15:14,124.73
2024-10-28 16:19,123.99
2024-10-28 17:16,123.65
2024-10-28 18:16,123.19
2024-10-28 19:12,122.76
2024-10-28 20:29,119.81
2024-10-28 21:23,118.15
2024-10-28 22:14,116.23
2024-10-28 23:15,114.90
2024-10-29 00:18,114.44
2024-10-29 01:13,114.28
2024-10-29 02:19,114.21
2024-10-29 03:11,114.19
2024-10-29 04:15,114.13
2024-10-29 05:13,114.12
2024-10-29 06:13,114.04
2024-10-29 07:13,114.03
2024-10-29 09:08,113.95
2024-10-29 10:49,113.85
2024-10-29 11:21,113.78
2024-10-29 12:18,113.47
2024-10-29 13:14,113.11
2024-10-29 14:20,112.81
2024-10-29 15:15,112.50
2024-10-29 16:19,111.90
2024-10-29 17:15,111.61
2024-10-29 18:15,111.28
2024-10-29 19:12,110.28
2024-10-29 20:28,108.49
2024-10-29 21:22,107.54
2024-10-29 22:13,105.41
2024-10-29 23:15,104.48
2024-10-30 00:18,104.28
2024-10-30 01:13,104.23
2024-10-30 02:19,104.14
2024-10-30 03:12,104.12
2024-10-30 04:15,104.06
2024-10-30 05:13,104.03
2024-10-30 06:13,103.98
2024-10-30 07:13,103.94
2024-10-30 09:07,103.85
2024-10-30 10:48,103.79
2024-10-30 11:21,103.76
2024-10-30 12:17,103.76
2024-10-30 13:14,103.65
2024-10-30 15:13,103.52
2024-10-30 16:20,103.31
2024-10-30 17:15,103.10
2024-10-30 18:16,102.88
2024-10-30 19:11,102.70
2024-10-30 20:28,99.38
2024-10-30 21:22,98.71
2024-10-30 22:13,97.59
2024-10-30 23:15,95.87
2024-10-31 00:17,95.28
2024-10-31 01:13,95.23
2024-10-31 02:19,95.16
2024-10-31 03:12,95.13
2024-10-31 04:15,95.08
2024-10-31 05:13,95.03
2024-10-31 06:13,94.99
2024-10-31 07:13,94.94
2024-10-31 09:08,94.85
2024-10-31 10:50,94.79
2024-10-31 11:22,94.75
2024-10-31 12:18,94.47
2024-10-31 13:15,94.12
2024-10-31 14:20,93.71
2024-10-31 15:13,93.37
2024-10-31 16:17,92.61
2024-10-31 17:14,92.15
2024-10-31 18:15,91.78
2024-10-31 19:11,91.50
2024-10-31 20:28,89.21
2024-10-31 21:22,87.72
2024-10-31 22:13,86.09
2024-10-31 23:15,84.16
2024-11-01 00:17,84.01
2024-11-01 01:14,83.98
2024-11-01 02:19,83.91
2024-11-01 03:10,83.89
2024-11-01 04:14,83.84
2024-11-01 05:14,83.81
2024-11-01 06:13,83.77
2024-11-01 07:15,83.72
2024-11-01 09:12,83.64
2024-11-01 10:56,83.58
2024-11-01 11:31,83.55
2024-11-01 12:17,83.54
2024-11-01 13:14,83.49
2024-11-01 14:21,83.45
2024-11-01 15:14,83.02
2024-11-01 16:18,82.63
2024-11-01 17:15,82.18
2024-11-01 18:15,81.67
2024-11-01 19:12,81.22
2024-11-01 20:27,80.44
2024-11-01 21:21,78.72
2024-11-01 22:13,76.88
2024-11-01 23:14,75.38
2024-11-02 00:17,74.93
2024-11-02 01:12,74.88
2024-11-02 02:19,74.83
2024-11-02 03:12,74.76
2024-11-02 04:15,74.75
2024-11-02 05:12,74.68
2024-11-02 06:13,74.67
2024-11-02 07:13,74.59
2024-11-02 09:05,74.53
2024-11-02 10:43,74.50
2024-11-02 11:18,74.45
2024-11-02 12:17,74.11
2024-11-02 13:13,72.85
2024-11-02 14:19,72.58
2024-11-02 15:13,71.71
2024-11-02 16:17,71.22
2024-11-02 17:13,70.81
2024-11-02 18:13,70.51
2024-11-02 19:11,68.64
2024-11-02 20:26,67.80
2024-11-02 21:18,67.06
2024-11-02 22:12,65.06
2024-11-02 23:14,64.27
2024-11-03 00:15,63.89
2024-11-03 01:11,63.80
2024-11-03 02:17,63.78
2024-11-03 03:12,63.70
2024-11-03 04:14,63.68
2024-11-03 05:12,63.61
2024-11-03 06:13,63.58
2024-11-03 07:15,63.52
2024-11-03 09:11,63.44
2024-11-03 10:52,63.27
2024-11-03 11:24,62.69
2024-11-03 12:16,61.53
2024-11-03 13:13,61.28
2024-11-03 14:20,60.95
2024-11-03 15:12,60.74
2024-11-03 16:16,60.42
2024-11-03 17:14,60.06
2024-11-03 18:16,58.36
2024-11-03 19:11,58.01
2024-11-03 20:25,57.53
2024-11-03 21:18,57.19
2024-11-03 22:13,56.14
2024-11-03 23:13,54.51
2024-11-04 00:16,52.54
2024-11-04 01:11,52.35
2024-11-04 02:18,52.32
2024-11-04 03:11,52.25
2024-11-04 04:14,52.24
2024-11-04 05:13,52.17
2024-11-04 06:14,52.16
2024-11-04 07:15,52.10
2024-11-04 09:09,52.04
2024-11-04 10:52,51.88
2024-11-04 11:23,51.64
2024-11-04 12:17,51.27
2024-11-04 13:15,50.93
2024-11-04 14:21,50.23
2024-11-04 15:14,49.90
2024-11-04 16:19,49.55
2024-11-04 17:16,49.09
2024-11-04 18:16,48.77
2024-11-04 19:13,47.51
2024-11-04 20:29,46.13
2024-11-04 21:23,45.60
2024-11-04 22:14,45.19
2024-11-04 23:15,44.35
2024-11-05 00:17,42.29
2024-11-05 01:12,42.21
2024-11-05 02:18,42.16
2024-11-05 03:12,42.11
2024-11-05 04:14,42.05
2024-11-05 05:13,42.01
2024-11-05 06:13,41.93
2024-11-05 07:14,41.92
2024-11-05 09:05,41.82
2024-11-05 10:43,41.73
2024-11-05 11:17,41.71
2024-11-05 12:17,41.41
2024-11-05 13:14,40.99
2024-11-05 14:19,40.53
2024-11-05 15:13,40.13
2024-11-05 16:18,39.64
2024-11-05 17:14,39.25
2024-11-05 18:16,38.79
2024-11-05 19:11,36.97
2024-11-05 20:26,35.84
2024-11-05 21:20,35.41
2024-11-05 22:13,34.95
2024-11-05 23:14,33.32
2024-11-06 00:18,31.45
2024-11-06 01:13,30.80
2024-11-06 02:18,30.77
2024-11-06 03:11,30.70
2024-11-06 04:15,30.70
2024-11-06 05:13,30.62
2024-11-06 06:13,30.62
2024-11-06 07:14,30.55
2024-11-06 10:42,29.64
2024-11-06 11:17,29.35
2024-11-06 12:18,28.85
2024-11-06 13:13,28.45
2024-11-06 15:13,27.57
2024-11-06 16:19,26.90
2024-11-06 17:16,26.43
2024-11-06 18:15,25.91
2024-11-06 19:12,23.68
2024-11-06 20:28,23.17
2024-11-06 21:20,21.57
2024-11-06 22:13,20.27
2024-11-06 23:14,19.70
2024-11-07 00:18,19.03
2024-11-07 01:12,18.95
2024-11-07 02:18,18.93
2024-11-07 03:12,18.86
2024-11-07 04:15,18.83
2024-11-07 05:14,18.77
2024-11-07 06:14,18.75
2024-11-07 07:13,18.69
2024-11-07 09:05,18.63
2024-11-07 10:43,18.55
2024-11-07 11:20,18.36
2024-11-07 12:17,17.94
2024-11-07 13:13,17.60
2024-11-07 14:19,16.97
2024-11-07 15:13,16.56
2024-11-07 16:17,16.08
2024-11-07 17:14,15.68
2024-11-07 18:14,15.29
2024-11-07 19:11,13.49
2024-11-07 20:27,12.26
2024-11-07 21:19,11.44
2024-11-07 22:12,10.75
2024-11-07 23:14,8.44
2024-11-08 00:17,7.83
2024-11-08 02:18,206.68
2024-11-08 03:11,206.64
2024-11-08 04:14,206.58
2024-11-08 05:12,206.54
2024-11-08 06:13,206.49
2024-11-08 07:13,206.45
2024-11-08 09:05,206.18
2024-11-08 10:43,205.67
2024-11-08 11:17,205.50
2024-11-08 12:16,205.20
2024-11-08 13:14,204.86
2024-11-08 14:19,204.53
2024-11-08 15:12,204.20
2024-11-08 16:17,203.87
2024-11-08 18:14,201.24
2024-11-08 19:11,199.64
2024-11-08 20:27,198.10
2024-11-08 21:20,197.88
2024-11-08 22:12,197.72
2024-11-08 23:14,197.67
2024-11-09 00:17,197.59
2024-11-09 01:12,197.56
2024-11-09 02:18,197.48
2024-11-09 03:10,197.44
2024-11-09 04:14,197.38
2024-11-09 05:13,197.32
2024-11-09 06:13,197.28
2024-11-09 07:13,197.20
2024-11-09 09:04,197.11
2024-11-09 10:39,197.04
2024-11-09 11:17,196.96
2024-11-09 12:16,196.30
2024-11-09 14:17,195.54
2024-11-09 15:12,195.28
2024-11-09 16:17,194.77
2024-11-09 17:12,194.30
2024-11-09 18:12,193.69
2024-11-09 19:10,191.79
2024-11-09 20:24,191.02
2024-11-09 21:16,190.49
2024-11-09 22:12,188.73
2024-11-09 23:14,186.94
2024-11-10 00:15,185.23
2024-11-10 01:10,185.14
2024-11-10 02:16,185.11
2024-11-10 03:10,185.04
2024-11-10 04:13,185.02
2024-11-10 05:13,184.95
2024-11-10 06:11,184.91
2024-11-10 07:13,184.88
2024-11-10 09:10,184.76
2024-11-10 10:47,182.89
2024-11-10 11:19,182.60
2024-11-10 12:16,180.54
2024-11-10 13:13,180.11
2024-11-10 14:18,179.64
2024-11-10 15:12,179.29
2024-11-10 16:15,178.88
2024-11-10 17:13,178.39
2024-11-10 18:13,177.75
2024-11-10 19:10,177.06
2024-11-10 20:24,175.09
2024-11-10 21:16,174.12
2024-11-10 22:11,173.76
2024-11-10 23:13,172.80
2024-11-11 00:15,172.66
2024-11-11 01:11,172.59
2024-11-11 02:16,172.56
2024-11-11 03:12,172.48
2024-11-11 04:14,172.46
2024-11-11 05:11,172.38
2024-11-11 06:12,172.35
2024-11-11 07:13,172.28
2024-11-11 09:07,172.21
2024-11-11 10:46,171.49
2024-11-11 11:19,171.23
2024-11-11 12:17,170.86
2024-11-11 13:14,170.30
2024-11-11 14:20,169.97
2024-11-11 15:14,169.62
2024-11-11 16:18,169.30
2024-11-11 17:15,168.97
2024-11-11 18:15,168.65
2024-11-11 19:11,166.36
2024-11-11 20:27,163.55
2024-11-11 21:20,162.76
2024-11-11 22:14,160.75
2024-11-11 23:14,160.22
2024-11-12 00:18,160.10
2024-11-12 01:11,160.04
2024-11-12 02:18,159.97
2024-11-12 03:10,159.92
2024-11-12 04:14,159.86
2024-11-12 05:12,159.81
2024-11-12 06:13,159.74
2024-11-12 07:13,159.71
2024-11-12 09:05,159.60
2024-11-12 10:41,158.96
2024-11-12 11:16,158.78
2024-11-12 12:17,158.45
2024-11-12 13:13,157.81
2024-11-12 14:19,157.46
2024-11-12 15:13,157.12
2024-11-12 16:18,156.77
2024-11-12 17:15,155.28
2024-11-12 18:15,154.26
2024-11-12 19:11,153.01
2024-11-12 20:28,151.50
2024-11-12 21:21,150.51
2024-11-12 22:13,148.57
2024-11-12 23:15,147.91
2024-11-13 00:17,147.59
2024-11-13 01:12,147.55
2024-11-13 02:18,147.51
2024-11-13 03:10,147.46
2024-11-13 04:14,147.43
2024-11-13 05:12,147.36
2024-11-13 06:12,147.35
2024-11-13 07:13,147.28
2024-11-13 09:06,147.21
2024-11-13 10:44,146.71
2024-11-13 11:18,146.53
2024-11-13 12:17,146.19
2024-11-13 13:14,145.93
2024-11-13 14:19,145.56
2024-11-13 15:13,145.29
2024-11-13 16:18,144.92
2024-11-13 17:14,144.64
2024-11-13 18:15,144.31
2024-11-13 19:12,143.39
2024-11-13 20:28,140.94
2024-11-13 21:21,140.61
2024-11-13 22:13,139.53
2024-11-13 23:14,137.09
2024-11-14 00:18,136.50
2024-11-14 01:12,136.48
2024-11-14 02:18,136.39
2024-11-14 03:11,136.36
2024-11-14 04:14,136.31
2024-11-14 05:13,136.26
2024-11-14 06:13,136.23
2024-11-14 07:13,136.16
2024-11-14 09:06,135.74
2024-11-14 10:45,135.11
2024-11-14 11:19,134.90
2024-11-14 12:17,134.57
2024-11-14 13:13,134.30
2024-11-14 14:20,133.12
2024-11-14 15:13,132.84
2024-11-14 16:18,132.49
2024-11-14 17:15,132.21
2024-11-14 18:15,131.05
2024-11-14 19:12,129.79
2024-11-14 20:28,127.34
2024-11-14 21:22,126.65
2024-11-14 22:13,125.93
2024-11-14 23:15,123.61
2024-11-15 00:18,123.21
2024-11-15 01:13,123.14
2024-11-15 02:20,123.10
2024-11-15 03:11,123.05
2024-11-15 04:15,123.00
2024-11-15 05:13,122.97
2024-11-15 06:13,122.66
2024-11-15 07:14,122.22
2024-11-15 09:10,121.63
2024-11-15 10:54,121.07
2024-11-15 11:26,120.94
2024-11-15 12:18,120.68
2024-11-15 13:14,120.36
2024-11-15 14:24,120.05
2024-11-15 15:14,119.77
2024-11-15 16:18,119.46
2024-11-15 17:15,117.96
2024-11-15 18:15,116.91
2024-11-15 19:12,115.07
2024-11-15 20:29,114.03
2024-11-15 21:22,111.96
2024-11-15 22:13,110.37
2024-11-15 23:15,109.86
2024-11-16 00:18,109.76
2024-11-16 01:13,109.69
2024-11-16 02:19,109.67
2024-11-16 03:11,109.60
2024-11-16 04:15,109.58
2024-11-16 05:13,109.51
2024-11-16 06:14,109.49
2024-11-16 07:13,109.43
2024-11-16 09:09,109.09
2024-11-16 10:51,108.79
2024-11-16 11:24,108.61
2024-11-16 12:17,108.31
2024-11-16 13:14,108.06
2024-11-16 14:19,107.70
2024-11-16 15:12,107.43
2024-11-16 16:17,107.05
2024-11-16 17:13,106.71
2024-11-16 18:13,106.42
2024-11-16 19:11,106.09
2024-11-16 20:26,103.81
2024-11-16 21:19,102.86
2024-11-16 22:12,102.51
2024-11-16 23:13,100.45
2024-11-17 00:17,99.70
2024-11-17 01:11,99.58
2024-11-17 02:17,99.46
2024-11-17 03:10,99.43
2024-11-17 04:15,99.33
2024-11-17 05:12,99.26
2024-11-17 06:12,99.19
2024-11-17 07:14,99.09
2024-11-17 09:14,98.88
2024-11-17 10:57,98.14
2024-11-17 11:32,97.96
2024-11-17 12:17,97.76
2024-11-17 13:14,97.40
2024-11-17 14:19,97.06
2024-11-17 15:13,96.67
2024-11-17 16:16,94.85
2024-11-17 17:15,94.34
2024-11-17 18:14,93.94
2024-11-17 19:11,92.48
2024-11-17 20:26,90.74
2024-11-17 21:19,89.13
2024-11-17 22:12,87.31
2024-11-17 23:13,86.00
2024-11-18 00:16,84.29
2024-11-18 01:12,84.15
2024-11-18 02:18,84.08
2024-11-18 03:11,84.05
2024-11-18 04:15,83.99
2024-11-18 05:12,83.94
2024-11-18 06:12,83.91
2024-11-18 07:14,83.83
2024-11-18 09:12,83.72
2024-11-18 10:57,83.17
2024-11-18 11:32,82.87
2024-11-18 12:18,82.49
2024-11-18 13:15,82.00
2024-11-18 14:22,81.44
2024-11-18 15:15,81.00
2024-11-18 16:20,80.44
2024-11-18 17:17,79.98
2024-11-18 18:16,79.44
2024-11-18 19:12,78.33
2024-11-18 20:30,76.74
2024-11-18 21:24,75.44
2024-11-18 22:14,73.75
2024-11-18 23:16,72.81
2024-11-19 00:19,72.48
2024-11-19 01:13,72.30
2024-11-19 02:20,72.24
2024-11-19 03:12,72.19
2024-11-19 04:16,72.15
2024-11-19 05:12,72.09
2024-11-19 06:13,72.06
2024-11-19 07:14,71.99
2024-11-19 09:10,71.86
2024-11-19 10:54,71.38
2024-11-19 11:26,71.20
2024-11-19 12:17,70.98
2024-11-19 13:14,70.61
2024-11-19 14:20,70.01
2024-11-19 15:14,69.77
2024-11-19 17:16,67.30
2024-11-19 18:16,66.99
2024-11-19 19:12,66.68
2024-11-19 20:29,63.02
2024-11-19 21:24,62.70
2024-11-19 22:14,62.45
2024-11-20 00:19,60.27
2024-11-20 02:20,60.19
2024-11-20 03:11,60.11
2024-11-20 04:16,60.09
2024-11-20 05:13,60.03
2024-11-20 06:13,59.99
2024-11-20 07:13,59.96
2024-11-20 09:10,59.88
2024-11-20 10:53,59.29
2024-11-20 11:26,59.15
2024-11-20 12:18,58.84
2024-11-20 13:14,58.50
2024-11-20 14:20,57.94
2024-11-20 15:14,57.63
2024-11-20 16:19,57.30
2024-11-20 18:16,56.65
2024-11-20 19:12,56.34
2024-11-20 20:29,53.78
2024-11-20 21:23,53.53
2024-11-20 22:13,52.59
2024-11-20 23:15,50.91
2024-11-21 00:19,50.33
2024-11-21 01:13,50.30
2024-11-21 02:20,50.22
2024-11-21 03:12,50.21
2024-11-21 04:16,50.15
2024-11-21 05:13,50.13
2024-11-21 06:13,50.09
2024-11-21 07:14,50.04
2024-11-21 09:09,49.97
2024-11-21 10:53,49.54
2024-11-21 11:25,49.36
2024-11-21 12:18,48.97
2024-11-21 13:14,48.68
2024-11-21 14:20,48.14
2024-11-21 15:14,47.90
2024-11-21 16:19,47.56
2024-11-21 17:16,47.32
2024-11-21 18:16,45.48
2024-11-21 19:12,44.66
2024-11-21 20:29,42.12
2024-11-21 21:24,41.85
2024-11-21 22:14,39.62
2024-11-21 23:15,39.13
2024-11-22 00:18,38.25
2024-11-22 01:13,38.18
2024-11-22 02:20,38.17
2024-11-22 03:11,38.10
2024-11-22 04:16,38.09
2024-11-22 05:13,38.05
2024-11-22 06:13,38.01
2024-11-22 07:14,38.01
2024-11-22 09:10,37.92
2024-11-22 10:54,37.83
2024-11-22 11:26,37.68
2024-11-22 12:18,37.24
2024-11-22 13:14,36.94
2024-11-22 14:20,36.64
2024-11-22 15:14,36.37
2024-11-22 16:19,36.07
2024-11-22 17:16,35.29
2024-11-22 18:16,33.55
2024-11-22 19:12,33.29
2024-11-22 20:29,32.21
2024-11-22 21:23,31.97
2024-11-22 22:13,31.27
2024-11-22 23:15,29.53
2024-11-23 00:18,29.02
2024-11-23 01:13,28.82
2024-11-23 02:20,28.76
2024-11-23 03:11,28.73
2024-11-23 04:16,28.72
2024-11-23 05:13,28.65
2024-11-23 06:13,28.64
2024-11-23 07:14,28.59
2024-11-23 09:08,28.53
2024-11-23 10:49,28.44
2024-11-23 11:24,28.44
2024-11-23 12:18,28.39
2024-11-23 13:14,26.64
2024-11-23 14:20,26.31
2024-11-23 15:12,25.53
2024-11-23 16:18,25.17
2024-11-23 17:13,24.89
2024-11-23 18:13,24.07
2024-11-23 19:11,21.99
2024-11-23 20:27,21.55
2024-11-23 21:20,21.20
2024-11-23 22:13,20.85
2024-11-23 23:13,18.65
2024-11-24 00:16,18.26
2024-11-24 01:11,18.20
2024-11-24 02:17,18.18
2024-11-24 03:10,18.10
2024-11-24 04:14,18.09
2024-11-24 05:12,18.05
2024-11-24 06:12,18.00
2024-11-24 07:15,18.00
2024-11-24 09:16,17.91
2024-11-24 10:58,17.82
2024-11-24 11:35,17.82
2024-11-24 12:17,17.80
2024-11-24 13:13,17.51
2024-11-24 14:19,15.91
2024-11-24 15:13,14.33
2024-11-24 16:17,13.89
2024-11-24 17:14,12.35
2024-11-24 18:14,10.04
2024-11-24 19:11,7.80
2024-11-24 20:26,5.68
2024-11-24 21:19,4.68
2024-11-24 22:12,2.73
2024-11-24 23:13,2.04
2024-11-25 00:16,1.69
2024-11-25 01:11,1.27
2024-11-25 02:17,1.21
2024-11-25 03:11,1.20
2024-11-25 04:14,1.15
2024-11-25 05:12,1.13
2024-11-25 06:13,1.07
2024-11-25 07:14,1.03
2024-11-25 09:11,0.95
2024-11-25 10:56,0.90
2024-11-25 11:31,0.87
2024-11-25 12:18,199.76
2024-11-25 13:15,199.51
2024-11-25 14:21,199.19
2024-11-25 15:15,198.80
2024-11-25 16:20,198.25
2024-11-25 17:16,198.00
2024-11-25 18:16,197.70
2024-11-25 19:12,197.38
2024-11-25 20:30,193.28
2024-11-25 21:24,191.49
2024-11-25 22:14,191.00
2024-11-25 23:16,188.35
2024-11-26 00:18,187.28
2024-11-26 01:13,187.11
2024-11-26 02:19,187.05
2024-11-26 03:11,187.04
2024-11-26 04:16,186.96
2024-11-26 05:13,186.96
2024-11-26 06:14,186.90
2024-11-26 07:14,186.87
2024-11-26 09:11,186.80
2024-11-26 10:55,186.74
2024-11-26 11:28,186.72
2024-11-26 12:18,186.55
2024-11-26 13:14,186.31
2024-11-26 14:20,186.04
2024-11-26 15:14,185.83
2024-11-26 16:20,185.49
2024-11-26 17:16,184.52
2024-11-26 18:16,182.70
2024-11-26 19:12,182.43
2024-11-26 20:30,180.12
2024-11-26 21:25,179.42
2024-11-26 22:14,179.18
2024-11-26 23:16,178.33
2024-11-27 00:19,177.87
2024-11-27 01:13,177.74
2024-11-27 02:20,177.72
2024-11-27 03:12,177.70
2024-11-27 04:16,177.64
2024-11-27 05:13,177.64
2024-11-27 06:14,177.57
2024-11-27 07:14,177.56
2024-11-27 09:12,177.49
2024-11-27 10:57,177.42
2024-11-27 11:33,177.41
2024-11-27 12:18,177.09
2024-11-27 14:21,176.40
2024-11-27 15:14,176.12
2024-11-27 16:20,175.75
2024-11-27 17:16,174.12
2024-11-27 18:16,172.86
2024-11-27 19:12,170.78
2024-11-27 20:30,169.66
2024-11-27 21:25,168.05
2024-11-27 22:14,167.79
2024-11-27 23:15,167.28
2024-11-28 01:13,166.67
2024-11-28 02:20,166.64
2024-11-28 03:12,166.61
2024-11-28 04:16,166.57
2024-11-28 05:13,166.55
2024-11-28 06:14,166.49
2024-11-28 07:14,166.48
2024-11-28 09:12,166.41
2024-11-28 10:57,166.34
2024-11-28 11:33,166.31
2024-11-28 12:18,166.14
2024-11-28 14:21,165.55
2024-11-28 15:14,165.20
2024-11-28 16:19,164.91
2024-11-28 17:16,164.65
2024-11-28 18:16,164.23
2024-11-28 19:12,161.97
2024-11-28 20:30,161.37
2024-11-28 21:24,160.72
2024-11-28 22:14,159.77
2024-11-28 23:15,157.13
2024-11-29 00:18,155.96
2024-11-29 01:12,153.97
2024-11-29 02:20,153.90
2024-11-29 03:12,153.88
2024-11-29 04:16,153.80
2024-11-29 05:13,153.77
2024-11-29 06:14,153.73
2024-11-29 07:14,153.69
2024-11-29 09:11,153.63
2024-11-29 10:57,153.59
2024-11-29 12:18,153.28
2024-11-29 13:14,153.02
2024-11-29 14:21,152.34
2024-11-29 15:14,152.11
2024-11-29 16:19,151.76
2024-11-29 17:16,151.50
2024-11-29 18:16,151.18
2024-11-29 19:12,150.91
2024-11-29 20:29,150.83
2024-11-29 21:24,150.82
2024-11-29 22:13,150.80
2024-11-29 23:15,150.75
2024-11-30 00:18,150.74
2024-11-30 01:13,150.68
2024-11-30 02:20,150.68
2024-11-30 03:12,150.63
2024-11-30 04:16,150.61
2024-11-30 05:13,150.60
2024-11-30 06:13,150.55
2024-11-30 07:14,150.54
2024-11-30 09:10,150.48
2024-11-30 10:52,150.36
2024-11-30 11:25,150.05
2024-11-30 12:17,149.77
2024-11-30 13:13,149.45
2024-11-30 14:19,149.16
2024-11-30 15:13,148.85
2024-11-30 16:17,148.53
2024-11-30 17:14,148.25
2024-11-30 18:14,147.78
2024-11-30 19:11,144.95
2024-11-30 20:27,142.46
2024-11-30 21:20,141.95
2024-11-30 22:12,139.85
2024-11-30 23:13,139.75
2024-12-01 00:16,139.70
2024-12-01 01:11,139.69
2024-12-01 02:18,139.62
2024-12-01 03:10,139.62
2024-12-01 04:15,139.55
2024-12-01 05:13,139.54
2024-12-01 06:13,139.49
2024-12-01 07:13,139.47
2024-12-01 09:23,139.40
2024-12-01 11:12,139.32
2024-12-01 12:20,139.30
2024-12-01 13:14,138.67
2024-12-01 14:20,137.93
2024-12-01 15:13,137.62
2024-12-01 16:18,137.32
2024-12-01 17:14,135.89
2024-12-01 18:15,133.52
2024-12-01 19:11,131.67
2024-12-01 20:28,130.24
2024-12-01 21:21,128.62
2024-12-01 22:12,126.79
2024-12-01 23:13,125.09
2024-12-02 00:16,124.65
2024-12-02 01:12,124.57
2024-12-02 02:18,124.53
2024-12-02 03:11,124.53
2024-12-02 04:15,124.45
2024-12-02 05:12,124.44
2024-12-02 06:13,124.40
2024-12-02 07:13,124.36
2024-12-02 09:14,124.29
2024-12-02 11:01,124.21
2024-12-02 12:18,123.75
2024-12-02 13:15,123.51
2024-12-02 14:22,123.04
2024-12-02 15:15,122.72
2024-12-02 16:20,122.43
2024-12-02 17:17,122.16
2024-12-02 18:17,121.10
2024-12-02 19:12,119.94
2024-12-02 20:31,116.72
2024-12-02 21:25,116.42
2024-12-02 22:14,115.75
2024-12-02 23:16,115.39
2024-12-03 00:19,115.17
2024-12-03 01:13,115.09
2024-12-03 02:20,115.07
2024-12-03 03:12,115.04
2024-12-03 04:15,114.97
2024-12-03 05:14,114.96
2024-12-03 06:14,114.90
2024-12-03 07:16,114.86
2024-12-03 09:13,114.64
2024-12-03 11:02,114.19
2024-12-03 12:19,113.80
2024-12-03 13:15,113.23
2024-12-03 14:22,112.87
2024-12-03 15:14,112.59
2024-12-03 16:20,112.27
2024-12-03 17:16,111.96
2024-12-03 18:17,110.34
2024-12-03 19:12,109.35
2024-12-03 20:30,106.88
2024-12-03 21:25,106.62
2024-12-03 23:16,106.03
2024-12-04 00:18,104.88
2024-12-04 01:14,104.64
2024-12-04 02:18,104.61
2024-12-04 03:12,104.59
2024-12-04 04:17,104.51
2024-12-04 05:14,104.50
2024-12-04 06:14,104.46
2024-12-04 07:14,104.41
2024-12-04 09:13,104.33
2024-12-04 10:59,103.70
2024-12-04 11:37,103.44
2024-12-04 12:18,103.23
2024-12-04 13:14,102.95
2024-12-04 14:22,102.46
2024-12-04 15:15,102.22
2024-12-04 16:20,101.89
2024-12-04 17:16,101.01
2024-12-04 18:16,99.41
2024-12-04 19:12,96.94
2024-12-04 20:30,94.82
2024-12-04 21:25,94.42
2024-12-04 22:15,93.10
2024-12-04 23:16,92.80
2024-12-05 00:19,92.38
2024-12-05 01:13,92.33
2024-12-05 02:21,92.28
2024-12-05 03:14,92.24
2024-12-05 04:16,92.23
2024-12-05 05:14,92.15
2024-12-05 06:14,92.14
2024-12-05 07:14,92.10
2024-12-05 09:13,92.02
2024-12-05 11:00,91.32
2024-12-05 12:18,90.79
2024-12-05 13:15,90.32
2024-12-05 14:21,89.88
2024-12-05 15:14,89.51
2024-12-05 16:20,89.00
2024-12-05 17:16,88.60
2024-12-05 18:16,88.16
2024-12-05 19:12,87.20
2024-12-05 20:30,84.40
2024-12-05 21:25,82.50
2024-12-05 22:14,81.01
2024-12-05 23:16,80.48
2024-12-06 00:19,80.00
2024-12-06 01:13,79.60
2024-12-06 02:19,79.39
2024-12-06 03:11,79.38
2024-12-06 04:17,79.31
2024-12-06 05:14,79.29
2024-12-06 07:15,79.21
2024-12-06 09:12,79.14
2024-12-06 10:59,78.94
2024-12-06 11:36,78.68
2024-12-06 12:18,78.38
2024-12-06 13:15,78.02
2024-12-06 14:21,77.51
2024-12-06 15:14,77.19
2024-12-06 16:20,76.81
2024-12-06 17:16,76.38
2024-12-06 18:16,75.98
2024-12-06 19:12,75.53
2024-12-06 20:30,72.33
2024-12-06 21:24,71.96
2024-12-06 22:14,70.05
2024-12-06 23:15,68.85
2024-12-07 00:18,68.39
2024-12-07 01:13,68.04
2024-12-07 02:20,68.02
2024-12-07 03:12,68.01
2024-12-07 04:17,67.93
2024-12-07 05:14,67.93
2024-12-07 06:14,67.89
2024-12-07 07:14,67.84
2024-12-07 09:12,67.61
2024-12-07 10:57,66.92
2024-12-07 11:33,66.04
2024-12-07 12:17,64.24
2024-12-07 13:14,62.46
2024-12-07 14:19,60.20
2024-12-07 15:13,59.84
2024-12-07 16:18,59.40
2024-12-07 17:14,58.60
2024-12-07 18:15,58.04
2024-12-07 19:12,57.34
2024-12-07 20:27,54.75
2024-12-07 21:20,53.19
2024-12-07 22:12,51.56
2024-12-07 23:13,51.19
2024-12-08 00:16,50.70
2024-12-08 01:11,50.36
2024-12-08 02:19,50.16
2024-12-08 03:10,50.14
2024-12-08 04:15,50.10
2024-12-08 05:12,50.07
2024-12-08 06:13,50.04
2024-12-08 07:13,50.02
2024-12-08 09:18,49.97
2024-12-08 12:17,48.92
2024-12-08 13:14,48.50
2024-12-08 14:20,48.08
2024-12-08 15:13,47.84
2024-12-08 16:18,47.49
2024-12-08 17:14,46.98
2024-12-08 18:14,45.62
2024-12-08 19:11,45.30
2024-12-08 20:28,44.43
2024-12-08 21:21,42.67
2024-12-08 22:12,42.35
2024-12-08 23:14,39.94
2024-12-09 00:17,38.90
2024-12-09 02:18,38.83
2024-12-09 03:11,38.80
2024-12-09 04:15,38.79
2024-12-09 05:12,38.74
2024-12-09 06:13,38.74
2024-12-09 07:13,38.69
2024-12-09 09:15,38.62
2024-12-09 12:18,37.77
2024-12-09 13:15,37.45
2024-12-09 14:22,37.09
2024-12-09 15:15,36.80
2024-12-09 16:21,36.29
2024-12-09 17:17,35.92
2024-12-09 18:17,35.43
2024-12-09 19:13,34.99
2024-12-09 20:32,32.10
2024-12-09 22:14,28.85
2024-12-09 23:16,28.38
2024-12-10 00:19,27.97
2024-12-10 01:13,27.83
2024-12-10 02:21,27.77
2024-12-10 03:12,27.75
2024-12-10 04:17,27.73
2024-12-10 06:14,27.68
2024-12-10 07:14,27.63
2024-12-10 09:14,27.56
2024-12-10 11:01,27.39
2024-12-10 12:18,27.05
2024-12-10 13:15,26.68
2024-12-10 14:21,26.18
2024-12-10 15:15,25.83
2024-12-10 16:20,24.93
2024-12-10 17:17,22.64
2024-12-10 18:16,22.14
2024-12-10 19:13,21.76
2024-12-10 20:31,19.93
2024-12-10 21:26,18.18
2024-12-10 22:15,17.44
2024-12-10 23:30,15.35
2024-12-11 00:19,14.56
2024-12-11 01:13,13.86
2024-12-11 02:21,13.05
2024-12-11 03:12,12.49
2024-12-11 04:17,11.75
2024-12-11 05:14,11.29
2024-12-11 06:14,11.26
2024-12-11 07:14,11.23
2024-12-11 09:13,11.17
2024-12-11 10:59,10.95
2024-12-11 11:36,10.75
2024-12-11 12:18,10.55
2024-12-11 13:15,10.23
2024-12-11 14:22,9.92
2024-12-11 15:15,9.68
2024-12-11 16:20,9.24
2024-12-11 17:16,8.92
2024-12-11 18:16,8.52
2024-12-11 19:12,207.21
2024-12-11 20:31,204.10
2024-12-11 21:25,202.28
2024-12-11 22:14,200.47
2024-12-11 23:16,199.99
2024-12-12 00:19,199.92
2024-12-12 01:13,199.87
2024-12-12 02:21,199.86
2024-12-12 03:12,199.82
2024-12-12 04:17,199.80
2024-12-12 05:14,199.79
2024-12-12 06:14,199.75
2024-12-12 07:14,199.74
2024-12-12 09:13,199.68
2024-12-12 10:59,199.61
2024-12-12 11:37,199.53
2024-12-12 12:18,199.34
2024-12-12 13:15,199.07
2024-12-12 14:21,198.32
2024-12-12 15:15,197.43
2024-12-12 16:20,196.46
2024-12-12 17:16,195.55
2024-12-12 18:16,194.66
2024-12-12 19:12,193.82
2024-12-12 20:31,189.59
2024-12-12 21:25,188.49
2024-12-12 22:14,185.84
2024-12-12 23:16,184.82
2024-12-13 00:19,183.22
2024-12-13 01:13,182.17
2024-12-13 02:21,180.93
2024-12-13 03:12,180.93
2024-12-13 04:17,180.87
2024-12-13 05:14,180.87
2024-12-13 06:14,180.83
2024-12-13 07:14,180.81
2024-12-13 09:14,180.75
2024-12-13 11:01,180.62
2024-12-13 12:18,180.22
2024-12-13 13:15,179.88
2024-12-13 14:21,179.55
2024-12-13 15:14,179.31
2024-12-13 16:19,179.01
2024-12-13 17:16,178.77
2024-12-13 18:16,178.45
2024-12-13 19:12,177.83
2024-12-13 20:30,173.72
2024-12-13 21:24,171.78
2024-12-13 22:14,169.72
2024-12-13 23:15,168.21
2024-12-14 00:18,167.35
2024-12-14 01:13,167.08
2024-12-14 02:20,167.07
2024-12-14 03:12,167.03
2024-12-14 04:16,167.02
2024-12-14 05:13,166.98
2024-12-14 06:13,166.96
2024-12-14 07:14,166.94
2024-12-14 09:11,166.90
2024-12-14 10:54,166.84
2024-12-14 11:27,166.82
2024-12-14 12:17,165.63
2024-12-14 13:13,164.77
2024-12-14 14:20,163.66
2024-12-14 15:13,162.90
2024-12-14 16:18,162.05
2024-12-14 17:14,161.37
2024-12-14 18:14,157.99
2024-12-14 19:11,156.62
2024-12-14 20:27,153.37
2024-12-14 21:20,150.96
2024-12-14 22:12,149.49
2024-12-14 23:14,148.70
2024-12-15 00:16,147.59
2024-12-15 01:12,147.42
2024-12-15 02:19,147.34
2024-12-15 03:11,147.32
2024-12-15 04:15,147.28
2024-12-15 05:12,147.27
2024-12-15 06:13,147.22
2024-12-15 07:13,147.21
2024-12-15 09:18,147.16
2024-12-15 11:05,147.11
2024-12-15 12:17,147.06
2024-12-15 13:14,147.04
2024-12-15 14:20,147.00
2024-12-15 15:13,146.16
2024-12-15 16:17,145.01
2024-12-15 17:14,144.93
2024-12-15 18:15,143.02
2024-12-15 19:11,142.18
2024-12-15 20:27,139.15
2024-12-15 21:21,137.69
2024-12-15 22:12,135.74
2024-12-15 23:13,134.64
2024-12-16 00:16,131.34
2024-12-16 01:12,129.04
2024-12-16 02:18,128.35
2024-12-16 03:11,127.85
2024-12-16 04:16,126.99
2024-12-16 05:13,126.42
2024-12-16 06:13,125.78
2024-12-16 07:14,125.19
2024-12-16 09:15,123.93
2024-12-16 11:03,122.80
2024-12-16 12:18,122.25
2024-12-16 13:15,122.01
2024-12-16 14:22,121.77
2024-12-16 15:15,121.53
2024-12-16 16:21,121.07
2024-12-16 17:17,120.22
2024-12-16 18:17,118.41
2024-12-16 19:13,117.24
2024-12-16 20:32,112.60
2024-12-16 21:25,110.15
2024-12-16 22:14,109.52
2024-12-16 23:16,107.27
2024-12-17 00:19,106.13
2024-12-17 01:13,103.84
2024-12-17 02:20,102.74
2024-12-17 03:12,102.25
2024-12-17 04:16,101.62
2024-12-17 05:14,101.12
2024-12-17 06:12,100.57
2024-12-17 07:14,100.01
2024-12-17 09:13,98.90
2024-12-17 10:58,97.88
2024-12-17 11:35,97.49
2024-12-17 12:18,97.07
2024-12-17 13:14,96.50
2024-12-17 14:21,95.81
2024-12-17 15:14,95.30
2024-12-17 16:20,94.49
2024-12-17 17:16,93.31
2024-12-17 18:16,90.93
2024-12-17 19:12,88.39
2024-12-17 20:31,85.72
2024-12-17 21:25,84.87
2024-12-17 22:14,82.78
2024-12-17 23:16,81.49
2024-12-18 00:19,80.79
2024-12-18 01:13,80.27
2024-12-18 02:21,79.70
2024-12-18 03:12,79.31
2024-12-18 04:16,78.75
2024-12-18 05:12,78.30
2024-12-18 06:13,77.77
2024-12-18 07:13,77.23
2024-12-18 09:10,76.24
2024-12-18 10:53,75.47
2024-12-18 11:26,75.18
2024-12-18 12:17,74.82
2024-12-18 13:14,74.47
2024-12-18 14:20,73.91
2024-12-18 15:14,73.55
2024-12-18 16:20,73.28
2024-12-18 17:16,73.12
2024-12-18 18:15,72.01
2024-12-18 19:12,69.91
2024-12-18 20:29,66.73
2024-12-18 21:23,65.86
2024-12-18 22:13,63.70
2024-12-18 23:15,62.77
2024-12-19 00:18,61.70
2024-12-19 01:13,61.31
2024-12-19 02:20,61.28
2024-12-19 03:11,61.27
2024-12-19 04:16,61.24
2024-12-19 05:12,61.20
2024-12-19 06:13,61.17
2024-12-19 07:13,61.15
2024-12-19 09:11,60.43
2024-12-19 10:54,59.43
2024-12-19 11:26,59.14
2024-12-19 12:18,58.84
2024-12-19 13:14,58.58
2024-12-19 14:21,58.32
2024-12-19 15:14,58.10
2024-12-19 16:19,57.85
2024-12-19 17:16,56.95
2024-12-19 18:16,55.44
2024-12-19 19:12,53.21
2024-12-19 20:29,51.60
2024-12-19 21:23,50.21
2024-12-19 22:13,48.81
2024-12-19 23:15,47.76
2024-12-20 00:16,46.87
2024-12-20 01:11,46.17
2024-12-20 02:19,46.11
2024-12-20 03:11,46.10
2024-12-20 04:15,46.07
2024-12-20 05:13,46.04
2024-12-20 06:13,46.00
2024-12-20 07:13,45.98
2024-12-20 09:07,45.24
2024-12-20 10:46,44.26
2024-12-20 11:19,43.92
2024-12-20 12:17,43.38
2024-12-20 13:13,42.89
2024-12-20 14:20,42.35
2024-12-20 15:13,41.89
2024-12-20 16:18,41.36
2024-12-20 17:14,40.72
2024-12-20 18:14,38.45
2024-12-20 19:11,37.49
2024-12-20 20:27,36.58
2024-12-20 21:19,36.02
2024-12-20 22:12,34.99
2024-12-20 23:14,32.98
2024-12-21 00:17,32.31
2024-12-21 01:11,31.69
2024-12-21 02:18,30.84
2024-12-21 03:10,30.21
2024-12-21 04:15,30.18
2024-12-21 05:12,30.17
2024-12-21 06:13,30.13
2024-12-21 07:12,30.10
2024-12-21 09:06,30.06
2024-12-21 10:42,30.02
2024-12-21 11:16,29.98
2024-12-21 12:16,29.98
2024-12-21 13:12,29.90
2024-12-21 14:18,29.84
2024-12-21 15:11,29.82
2024-12-21 16:16,29.78
2024-12-21 17:12,29.75
2024-12-21 18:13,28.31
2024-12-21 19:10,26.06
2024-12-21 20:25,24.41
2024-12-21 21:16,23.66
2024-12-21 22:11,22.86
2024-12-21 23:12,21.10
2024-12-22 00:15,18.35
2024-12-22 01:12,16.89
2024-12-22 02:17,16.01
2024-12-22 03:10,15.33
2024-12-22 04:13,15.22
2024-12-22 05:11,15.17
2024-12-22 06:12,15.15
2024-12-22 07:12,15.13
2024-12-22 09:12,15.07
2024-12-22 10:51,15.02
2024-12-22 11:21,14.99
2024-12-22 12:16,14.99
2024-12-22 13:12,14.94
2024-12-22 14:18,14.70
2024-12-22 15:12,12.40
2024-12-22 16:16,11.31
2024-12-22 17:13,8.35
2024-12-22 18:13,6.18
2024-12-22 19:10,4.38
2024-12-22 20:25,0.83
2024-12-22 21:17,198.96
2024-12-22 22:11,198.79
2024-12-22 23:12,197.07
2024-12-23 00:15,197.03
2024-12-23 01:12,196.99
2024-12-23 02:17,196.95
2024-12-23 03:10,196.95
2024-12-23 04:14,196.91
2024-12-23 05:12,196.87
2024-12-23 06:12,196.86
2024-12-23 07:14,196.81
2024-12-23 09:09,195.95
2024-12-23 10:48,194.83
2024-12-23 11:20,194.52
2024-12-23 12:17,194.33
2024-12-23 13:14,194.12
2024-12-23 14:20,193.93
2024-12-23 15:13,193.73
2024-12-23 16:19,193.52
2024-12-23 17:15,193.34
2024-12-23 18:15,193.10
2024-12-23 19:11,191.63
2024-12-23 20:28,187.37
2024-12-23 21:20,185.20
2024-12-23 22:13,183.05
2024-12-23 23:14,181.52
2024-12-24 00:17,181.15
2024-12-24 01:12,181.13
2024-12-24 02:18,181.10
2024-12-24 03:10,181.06
2024-12-24 04:15,181.05
2024-12-24 05:12,181.02
2024-12-24 06:13,180.98
2024-12-24 07:13,180.97
2024-12-24 09:07,180.14
2024-12-24 10:45,178.97
2024-12-24 11:19,178.61
2024-12-24 12:17,178.04
2024-12-24 13:13,177.45
2024-12-24 14:20,176.76
2024-12-24 15:13,176.38
2024-12-24 16:18,175.92
2024-12-24 17:14,175.66
2024-12-24 18:14,175.38
2024-12-24 19:11,175.07
2024-12-24 20:28,172.41
2024-12-24 21:19,169.71
2024-12-24 22:12,166.68
2024-12-24 23:13,164.80
2024-12-25 00:16,163.93
2024-12-25 01:11,163.86
2024-12-25 02:18,163.83
2024-12-25 03:10,163.79
2024-12-25 04:14,163.77
2024-12-25 05:12,163.75
2024-12-25 06:12,163.71
2024-12-25 07:13,163.70
2024-12-25 09:06,162.98
2024-12-25 10:43,161.93
2024-12-25 11:17,161.58
2024-12-25 12:17,161.01
2024-12-25 13:14,160.53
2024-12-25 14:20,160.15
2024-12-25 15:13,159.84
2024-12-25 16:18,159.54
2024-12-25 17:14,159.22
2024-12-25 18:14,157.20
2024-12-25 19:11,155.90
2024-12-25 20:27,151.72
2024-12-25 21:19,150.26
2024-12-25 22:12,147.84
2024-12-25 23:13,146.46
2024-12-26 00:16,145.62
2024-12-26 01:13,144.94
2024-12-26 02:18,144.88
2024-12-26 03:11,144.86
2024-12-26 04:14,144.83
2024-12-26 05:12,144.80
2024-12-26 06:12,144.77
2024-12-26 07:13,144.75
2024-12-26 09:06,144.70
2024-12-26 10:43,144.65
2024-12-26 11:18,144.63
2024-12-26 12:17,144.17
2024-12-26 13:14,143.92
2024-12-26 14:20,143.66
2024-12-26 15:13,143.41
2024-12-26 16:18,143.11
2024-12-26 17:14,142.87
2024-12-26 18:14,142.64
2024-12-26 19:11,142.41
2024-12-26 20:27,139.22
2024-12-26 21:19,136.25
2024-12-26 22:12,133.22
2024-12-26 23:13,130.43
2024-12-27 00:16,129.30
2024-12-27 01:11,128.52
2024-12-27 02:18,128.33
2024-12-27 03:11,128.31
2024-12-27 04:14,128.28
2024-12-27 05:12,128.24
2024-12-27 06:12,128.23
2024-12-27 07:13,128.19
2024-12-27 09:07,127.37
2024-12-27 10:44,126.63
2024-12-27 11:18,126.45
2024-12-27 12:16,126.25
2024-12-27 13:13,125.68
2024-12-27 14:19,125.37
2024-12-27 15:13,125.13
2024-12-27 16:18,124.28
2024-12-27 17:14,123.44
2024-12-27 18:14,122.60
2024-12-27 19:11,121.19
2024-12-27 20:27,117.39
2024-12-27 21:19,116.20
2024-12-27 22:12,114.14
2024-12-27 23:13,111.83
2024-12-28 00:16,111.73
2024-12-28 01:11,111.71
2024-12-28 02:18,111.67
2024-12-28 03:10,111.65
2024-12-28 04:14,111.63
2024-12-28 05:12,111.59
2024-12-28 06:12,111.58
2024-12-28 07:13,111.54
2024-12-28 09:05,111.49
2024-12-28 10:41,108.10
2024-12-28 11:16,107.58
2024-12-28 12:16,106.28
2024-12-28 13:13,103.93
2024-12-28 14:18,103.21
2024-12-28 15:11,102.56
2024-12-28 16:16,101.74
2024-12-28 17:13,100.97
2024-12-28 18:13,100.13
2024-12-28 19:10,97.88
2024-12-28 20:25,95.08
2024-12-28 21:16,94.45
2024-12-28 22:11,92.44
2024-12-28 23:12,91.00
2024-12-29 00:15,90.73
2024-12-29 01:11,90.13
2024-12-29 02:17,89.83
2024-12-29 03:10,89.76
2024-12-29 04:14,89.72
2024-12-29 05:12,89.69
2024-12-29 06:12,89.66
2024-12-29 07:13,89.64
2024-12-29 09:13,89.58
2024-12-29 10:52,89.53
2024-12-29 11:23,89.51
2024-12-29 12:16,89.08
2024-12-29 13:13,88.35
2024-12-29 14:18,86.06
2024-12-29 15:12,85.45
2024-12-29 16:17,84.77
2024-12-29 17:12,84.50
2024-12-29 18:13,83.10
2024-12-29 19:10,80.24
2024-12-29 20:25,79.11
2024-12-29 21:16,76.71
2024-12-29 22:11,74.13
2024-12-29 23:12,72.91
2024-12-30 00:15,72.00
2024-12-30 01:12,70.92
2024-12-30 02:17,69.73
2024-12-30 03:10,67.96
2024-12-30 04:14,67.62
2024-12-30 05:12,67.57
2024-12-30 06:12,67.57
2024-12-30 07:12,67.52
2024-12-30 09:09,66.49
2024-12-30 10:49,65.14
2024-12-30 11:20,64.70
2024-12-30 12:17,63.94
2024-12-30 13:14,63.19
2024-12-30 14:20,62.09
2024-12-30 15:14,61.42
2024-12-30 16:18,60.62
2024-12-30 17:15,59.98
2024-12-30 18:15,59.27
2024-12-30 19:11,57.90
2024-12-30 20:27,55.86
2024-12-30 21:20,52.38
2024-12-30 22:13,50.20
2024-12-30 23:14,247.89
2024-12-31 00:16,244.85
2024-12-31 01:12,244.08
2024-12-31 02:19,243.19
2024-12-31 03:10,242.84
2024-12-31 04:14,242.79
2024-12-31 05:12,242.77
2024-12-31 06:13,242.74
2024-12-31 07:13,242.70
2024-12-31 09:06,242.65
2024-12-31 10:43,242.61
2024-12-31 11:17,242.60
2024-12-31 12:17,242.56
2024-12-31 13:13,242.55
2024-12-31 14:19,242.39
2024-12-31 15:13,242.18
2024-12-31 16:18,241.93
2024-12-31 17:14,241.70
2024-12-31 18:14,241.48
2024-12-31 19:11,241.24
2024-12-31 20:27,238.68
2024-12-31 21:19,236.97
2024-12-31 22:12,236.21
2024-12-31 23:13,235.29
2025-01-01 00:16,232.30
2025-01-01 01:11,229.86
2025-01-01 02:18,229.06
2025-01-01 03:10,229.03
2025-01-01 04:14,228.98
2025-01-01 05:13,228.95
2025-01-01 06:13,228.92
2025-01-01 07:12,228.87
2025-01-01 09:13,228.81
2025-01-01 10:53,228.76
2025-01-01 11:25,228.75
2025-01-01 12:17,228.72
2025-01-01 13:14,228.67
2025-01-01 14:20,228.64
2025-01-01 15:13,228.60
2025-01-01 16:18,228.30
2025-01-01 17:14,228.02
2025-01-01 18:14,227.63
2025-01-01 19:11,225.44
2025-01-01 20:27,224.51
2025-01-01 21:18,223.18
2025-01-01 22:12,221.38
2025-01-01 23:14,221.17
2025-01-02 00:16,219.02
2025-01-02 01:11,218.19
2025-01-02 02:18,216.94
2025-01-02 03:10,216.30
2025-01-02 04:14,215.71
2025-01-02 05:13,215.10
2025-01-02 06:12,214.57
2025-01-02 07:13,213.95
2025-01-02 09:06,212.56
2025-01-02 10:43,211.81
2025-01-02 11:17,211.64
2025-01-02 12:16,211.37
2025-01-02 13:14,211.10
2025-01-02 14:20,210.84
2025-01-02 15:13,210.61
2025-01-02 16:18,210.30
2025-01-02 17:14,210.02
2025-01-02 18:14,209.68
2025-01-02 19:11,209.36
2025-01-02 20:27,206.44
2025-01-02 21:19,205.56
2025-01-02 22:12,204.87
2025-01-02 23:14,202.21
2025-01-03 00:17,200.74
2025-01-03 01:12,199.97
2025-01-03 02:19,199.26
2025-01-03 03:10,199.23
2025-01-03 04:14,199.18
2025-01-03 05:12,199.17
2025-01-03 06:13,199.13
2025-01-03 07:13,199.09
2025-01-03 09:07,199.04
2025-01-03 10:45,198.94
2025-01-03 11:18,198.80
2025-01-03 12:17,198.53
2025-01-03 13:13,198.14
2025-01-03 14:20,197.84
2025-01-03 15:13,197.61
2025-01-03 16:18,197.24
2025-01-03 17:14,196.45
2025-01-03 18:14,195.69
2025-01-03 19:11,195.02
2025-01-03 20:27,191.89
2025-01-03 21:19,189.75
2025-01-03 22:12,188.94
2025-01-03 23:14,187.13
2025-01-04 00:17,185.36
2025-01-04 01:12,185.27
2025-01-04 02:19,185.24
2025-01-04 03:11,185.21
2025-01-04 04:14,185.17
2025-01-04 05:12,185.16
2025-01-04 06:13,185.11
2025-01-04 07:13,185.07
2025-01-04 09:05,185.02
2025-01-04 10:42,184.97
2025-01-04 11:17,184.95
2025-01-04 12:16,182.89
2025-01-04 13:12,180.89
2025-01-04 14:18,180.04
2025-01-04 15:12,179.82
2025-01-04 16:16,179.49
2025-01-04 17:13,179.19
2025-01-04 18:13,178.88
2025-01-04 19:11,178.08
2025-01-04 20:25,175.73
2025-01-04 21:17,174.51
2025-01-04 22:11,173.25
2025-01-04 23:13,171.32
2025-01-05 00:15,170.56
2025-01-05 01:11,170.28
2025-01-05 02:17,170.25
2025-01-05 03:10,170.23
2025-01-05 04:13,170.18
2025-01-05 05:12,170.17
2025-01-05 06:12,170.12
2025-01-05 07:12,170.10
2025-01-05 09:13,170.01
2025-01-05 10:51,169.96
2025-01-05 11:21,169.88
2025-01-05 12:16,168.87
2025-01-05 13:12,166.46
2025-01-05 14:18,166.13
2025-01-05 15:12,165.90
2025-01-05 16:16,165.59
2025-01-05 17:13,163.80
2025-01-05 18:13,162.12
2025-01-05 19:10,160.54
2025-01-05 20:25,158.24
2025-01-05 21:16,155.93
2025-01-05 22:11,155.15
2025-01-05 23:12,154.23
2025-01-06 00:15,153.92
2025-01-06 01:11,153.67
2025-01-06 02:17,153.38
2025-01-06 03:10,153.32
2025-01-06 04:14,153.31
2025-01-06 05:12,153.26
2025-01-06 06:12,153.23
2025-01-06 07:13,153.20
2025-01-06 09:10,153.14
2025-01-06 10:51,151.97
2025-01-06 11:22,151.63
2025-01-06 12:17,151.00
2025-01-06 13:14,150.39
2025-01-06 14:21,149.67
2025-01-06 15:14,149.20
2025-01-06 16:19,148.52
2025-01-06 17:15,147.77
2025-01-06 18:16,146.34
2025-01-06 19:11,143.95
2025-01-06 20:29,140.45
2025-01-06 21:21,139.47
2025-01-06 22:13,137.95
2025-01-06 23:14,135.63
2025-01-07 00:17,134.92
2025-01-07 01:12,134.74
2025-01-07 02:19,134.70
2025-01-07 03:10,134.68
2025-01-07 04:14,134.64
2025-01-07 05:13,134.60
2025-01-07 06:13,134.59
2025-01-07 07:13,134.55
2025-01-07 09:08,134.50
2025-01-07 10:47,134.45
2025-01-07 11:20,134.42
2025-01-07 12:16,134.01
2025-01-07 13:13,133.74
2025-01-07 14:20,133.37
2025-01-07 15:13,133.08
2025-01-07 16:18,132.76
2025-01-07 17:15,132.50
2025-01-07 18:15,132.23
2025-01-07 19:11,131.20
2025-01-07 20:29,128.03
2025-01-07 21:22,126.41
2025-01-07 23:21,122.94
2025-01-08 00:31,120.21
2025-01-08 01:12,119.45
2025-01-08 02:19,119.42
2025-01-08 03:11,119.38
2025-01-08 04:15,119.35
2025-01-08 05:13,119.33
2025-01-08 06:13,119.28
2025-01-08 07:12,119.28
2025-01-08 09:07,119.21
2025-01-08 10:44,119.18
2025-01-08 11:18,119.14
2025-01-08 12:17,119.13
2025-01-08 13:14,119.08
2025-01-08 14:20,118.90
2025-01-08 15:13,118.71
2025-01-08 16:18,117.84
2025-01-08 17:15,116.30
2025-01-08 18:15,116.00
2025-01-08 19:11,115.65
2025-01-08 20:28,111.63
2025-01-08 21:21,110.09
2025-01-08 22:13,108.64
2025-01-08 23:15,107.12
2025-01-09 00:17,106.28
2025-01-09 01:12,105.87
2025-01-09 02:19,105.83
2025-01-09 03:10,105.81
2025-01-09 04:15,105.78
2025-01-09 05:12,105.74
2025-01-09 06:13,105.74
2025-01-09 07:13,105.69
2025-01-09 09:07,105.65
2025-01-09 11:10,105.60
2025-01-09 12:17,105.42
2025-01-09 13:13,105.17
2025-01-09 14:19,104.87
2025-01-09 15:13,104.64
2025-01-09 16:18,104.17
2025-01-09 17:15,103.16
2025-01-09 18:15,102.32
2025-01-09 19:11,100.26
2025-01-09 20:29,96.34
2025-01-09 21:21,95.02
2025-01-09 22:13,92.69
2025-01-09 23:15,90.88
2025-01-10 00:17,89.84
2025-01-10 01:12,89.69
2025-01-10 02:19,89.64
2025-01-10 03:11,89.59
2025-01-10 04:15,89.57
2025-01-10 05:13,89.53
2025-01-10 06:13,89.50
2025-01-10 07:14,89.48
2025-01-10 09:09,89.43
2025-01-10 10:50,89.39
2025-01-10 11:21,89.36
2025-01-10 12:17,89.34
2025-01-10 13:14,89.31
2025-01-10 14:20,89.29
2025-01-10 15:13,89.14
2025-01-10 16:18,88.88
2025-01-10 17:15,88.61
2025-01-10 18:15,87.99
2025-01-10 19:12,85.11
2025-01-10 20:28,83.73
2025-01-10 21:19,82.94
2025-01-10 22:13,81.47
2025-01-10 23:13,79.17
2025-01-11 00:17,78.64
2025-01-11 01:12,78.53
2025-01-11 02:19,78.44
2025-01-11 03:11,78.43
2025-01-11 04:15,78.38
2025-01-11 05:12,78.34
2025-01-11 06:13,78.30
2025-01-11 07:13,78.25
2025-01-11 09:07,78.20
2025-01-11 10:45,78.15
2025-01-11 11:18,77.81
2025-01-11 12:16,76.21
2025-01-11 13:12,74.25
2025-01-11 14:18,71.17
2025-01-11 15:12,70.06
2025-01-11 16:16,68.92
2025-01-11 17:13,68.06
2025-01-11 18:13,66.78
2025-01-11 19:10,64.06
2025-01-11 20:26,62.57
2025-01-11 21:17,61.76
2025-01-11 22:11,59.55
2025-01-11 23:12,57.35
2025-01-12 00:15,55.26
2025-01-12 01:12,55.16
2025-01-12 02:17,55.11
2025-01-12 03:10,55.06
2025-01-12 04:14,55.05
2025-01-12 05:12,55.01
2025-01-12 06:12,54.97
2025-01-12 07:12,54.95
2025-01-12 09:13,54.25
2025-01-12 10:54,52.97
2025-01-12 11:24,52.63
2025-01-12 12:16,52.06
2025-01-12 13:13,51.16
2025-01-12 14:18,48.88
2025-01-12 15:12,48.12
2025-01-12 16:16,47.11
2025-01-12 17:12,46.29
2025-01-12 18:13,45.41
2025-01-12 19:11,44.59
2025-01-12 20:25,42.03
2025-01-12 21:16,41.31
2025-01-12 22:11,40.24
2025-01-12 23:12,37.79
2025-01-13 00:15,36.50
2025-01-13 01:11,35.57
2025-01-13 02:17,35.52
2025-01-13 03:10,35.51
2025-01-13 04:14,35.47
2025-01-13 05:12,34.86
2025-01-13 06:12,34.15
2025-01-13 07:12,33.49
2025-01-13 09:11,33.28
2025-01-13 10:52,33.23
2025-01-13 11:23,33.20
2025-01-13 12:18,33.17
2025-01-13 13:14,33.12
2025-01-13 14:21,33.10
2025-01-13 15:14,32.62
2025-01-13 16:19,32.47
2025-01-13 17:16,32.35
2025-01-13 18:16,30.49
2025-01-13 19:12,29.91
2025-01-13 20:29,28.57
2025-01-13 21:20,27.74
2025-01-13 22:14,26.15
2025-01-13 23:16,23.40
2025-01-14 00:18,22.50
2025-01-14 01:13,21.75
2025-01-14 02:20,20.84
2025-01-14 03:11,20.25
2025-01-14 04:15,19.52
2025-01-14 05:12,19.50
2025-01-14 06:12,19.47
2025-01-14 07:12,19.43
2025-01-14 09:04,19.38
2025-01-14 10:38,19.33
2025-01-14 11:14,19.33
2025-01-14 12:16,19.28
2025-01-14 13:13,218.14
2025-01-14 14:18,217.87
2025-01-14 15:12,217.62
2025-01-14 16:18,217.32
2025-01-14 17:14,217.09
2025-01-14 18:14,216.83
2025-01-14 19:11,216.60
2025-01-14 20:27,214.03
2025-01-14 21:18,212.75
2025-01-14 22:13,211.98
2025-01-14 23:14,210.03
2025-01-15 00:17,207.76
2025-01-15 01:12,206.80
2025-01-15 02:22,205.81
2025-01-15 03:10,205.13
2025-01-15 04:14,204.79
2025-01-15 05:12,204.77
2025-01-15 06:13,204.74
2025-01-15 07:12,204.70
2025-01-15 09:05,204.65
2025-01-15 10:40,204.60
2025-01-15 11:15,204.60
2025-01-15 12:16,204.55
2025-01-15 13:14,204.52
2025-01-15 14:19,204.37
2025-01-15 15:12,204.10
2025-01-15 16:18,203.84
2025-01-15 17:14,203.61
2025-01-15 18:14,203.36
2025-01-15 19:12,203.05
2025-01-15 20:27,199.96
2025-01-15 21:19,198.59
2025-01-15 22:12,197.75
2025-01-15 23:14,195.58
2025-01-16 00:17,193.79
2025-01-16 01:12,193.72
2025-01-16 02:18,193.68
2025-01-16 03:10,193.64
2025-01-16 04:14,193.59
2025-01-16 05:12,193.56
2025-01-16 06:12,193.52
2025-01-16 07:13,193.52
2025-01-16 09:05,191.15
2025-01-16 10:39,189.26
2025-01-16 11:15,188.87
2025-01-16 12:16,187.98
2025-01-16 13:13,187.32
2025-01-16 14:19,186.52
2025-01-16 15:12,185.89
2025-01-16 16:17,184.92
2025-01-16 17:14,184.01
2025-01-16 18:14,183.22
2025-01-16 19:11,182.38
2025-01-16 20:27,180.67
2025-01-16 21:19,179.61
2025-01-16 22:12,177.65
2025-01-16 23:14,175.90
2025-01-17 00:16,175.33
2025-01-17 01:12,174.83
2025-01-17 02:18,174.78
2025-01-17 03:10,174.77
2025-01-17 04:14,174.07
2025-01-17 05:12,173.54
2025-01-17 06:12,172.97
2025-01-17 07:14,172.36
2025-01-17 09:05,171.31
2025-01-17 10:39,170.36
2025-01-17 11:16,170.06
2025-01-17 12:17,169.73
2025-01-17 13:13,169.65
2025-01-17 14:19,169.58
2025-01-17 15:12,169.52
2025-01-17 16:17,169.44
2025-01-17 17:14,168.60
2025-01-17 18:14,167.09
2025-01-17 19:12,166.49
2025-01-17 20:26,163.66
2025-01-17 21:18,161.69
2025-01-17 22:12,159.72
2025-01-17 23:13,157.45
2025-01-18 00:16,156.01
2025-01-18 01:12,155.35
2025-01-18 02:18,154.64
2025-01-18 03:11,154.14
2025-01-18 04:14,153.52
2025-01-18 05:12,152.94
2025-01-18 06:12,152.38
2025-01-18 07:13,151.80
2025-01-18 09:03,150.74
2025-01-18 10:36,149.75
2025-01-18 11:14,149.38
2025-01-18 12:15,149.00
2025-01-18 13:12,148.69
2025-01-18 14:17,148.34
2025-01-18 15:11,148.07
2025-01-18 16:15,147.70
2025-01-18 17:12,147.37
2025-01-18 18:13,147.06
2025-01-18 19:10,146.73
2025-01-18 20:24,145.50
2025-01-18 21:14,145.34
2025-01-18 22:11,145.11
2025-01-18 23:12,144.62
2025-01-19 00:14,142.71
2025-01-19 01:10,142.21
2025-01-19 02:16,142.15
2025-01-19 03:10,142.11
2025-01-19 04:13,142.09
2025-01-19 05:12,142.06
2025-01-19 06:11,142.02
2025-01-19 07:12,142.01
2025-01-19 09:10,141.96
2025-01-19 10:45,141.92
2025-01-19 11:17,141.89
2025-01-19 12:15,141.87
2025-01-19 13:12,141.80
2025-01-19 14:17,141.75
2025-01-19 15:12,141.65
2025-01-19 16:15,141.57
2025-01-19 17:12,141.34
2025-01-19 18:13,141.08
2025-01-19 19:10,140.83
2025-01-19 20:24,138.97
2025-01-19 21:14,137.80
2025-01-19 22:12,136.72
2025-01-19 23:13,133.99
2025-01-20 00:14,131.12
2025-01-20 01:12,130.64
2025-01-20 02:16,130.63
2025-01-20 03:10,130.57
2025-01-20 04:13,130.57
2025-01-20 05:11,130.52
2025-01-20 06:13,130.49
2025-01-20 07:12,130.45
2025-01-20 09:06,130.40
2025-01-20 10:42,130.34
2025-01-20 11:16,130.32
2025-01-20 12:17,130.16
2025-01-20 13:13,129.96
2025-01-20 14:20,129.44
2025-01-20 15:13,129.19
2025-01-20 16:19,128.87
2025-01-20 17:15,126.79
2025-01-20 18:14,126.24
2025-01-20 19:11,124.73
2025-01-20 20:27,122.88
2025-01-20 21:20,120.36
2025-01-20 22:13,118.64
2025-01-20 23:14,117.91
2025-01-21 00:16,117.87
2025-01-21 01:12,117.84
2025-01-21 02:18,117.82
2025-01-21 03:10,117.78
2025-01-21 04:14,117.75
2025-01-21 05:12,117.73
2025-01-21 06:12,117.69
2025-01-21 07:12,117.68
2025-01-21 09:05,117.63
2025-01-21 10:40,117.58
2025-01-21 11:15,117.55
2025-01-21 12:16,117.36
2025-01-21 13:13,117.08
2025-01-21 14:19,116.80
2025-01-21 15:13,116.56
2025-01-21 16:18,116.32
2025-01-21 17:14,116.15
2025-01-21 18:14,115.94
2025-01-21 19:11,113.99
2025-01-21 20:28,112.57
2025-01-21 21:19,111.27
2025-01-21 22:12,108.97
2025-01-21 23:14,108.61
2025-01-22 00:17,108.55
2025-01-22 01:13,108.55
2025-01-22 02:19,108.50
2025-01-22 03:10,108.48
2025-01-22 04:15,108.45
2025-01-22 05:12,108.41
2025-01-22 06:12,108.40
2025-01-22 07:13,108.36
2025-01-22 09:07,108.19
2025-01-22 10:43,107.93
2025-01-22 11:17,107.79
2025-01-22 12:17,107.51
2025-01-22 13:13,107.08
2025-01-22 14:19,106.79
2025-01-22 15:13,106.56
2025-01-22 16:18,106.31
2025-01-22 17:14,106.05
2025-01-22 18:12,105.85
2025-01-22 19:11,104.30
2025-01-22 20:27,100.17
2025-01-22 21:20,98.12
2025-01-22 22:13,96.82
2025-01-22 23:14,94.60
2025-01-23 00:17,93.05
2025-01-23 01:13,92.89
2025-01-23 02:19,92.84
2025-01-23 03:11,92.81
2025-01-23 04:15,92.78
2025-01-23 05:10,92.74
2025-01-23 06:12,92.73
2025-01-23 07:13,92.69
2025-01-23 09:05,92.63
2025-01-23 10:41,92.58
2025-01-23 11:15,92.43
2025-01-23 12:16,92.12
2025-01-23 13:13,91.84
2025-01-23 14:19,91.61
2025-01-23 15:12,91.36
2025-01-23 16:18,91.03
2025-01-23 17:14,90.79
2025-01-23 18:15,90.51
2025-01-23 19:11,90.02
2025-01-23 20:27,86.24
2025-01-23 21:20,84.53
2025-01-23 22:12,84.42
2025-01-23 23:14,84.29
2025-01-24 00:17,84.15
2025-01-24 01:13,84.13
2025-01-24 02:18,84.09
2025-01-24 03:10,84.06
2025-01-24 04:15,84.03
2025-01-24 05:12,83.99
2025-01-24 06:12,83.98
2025-01-24 07:13,83.93
2025-01-24 09:05,83.88
2025-01-24 10:41,80.60
2025-01-24 11:16,80.29
2025-01-24 12:16,80.24
2025-01-24 13:13,80.22
2025-01-24 14:19,79.51
2025-01-24 15:13,78.42
2025-01-24 16:18,78.20
2025-01-24 17:14,78.15
2025-01-24 18:15,78.15
2025-01-24 19:12,78.10
2025-01-24 20:27,78.09
2025-01-24 21:19,78.04
2025-01-24 22:12,78.04
2025-01-24 23:14,77.99
2025-01-25 00:16,77.99
2025-01-25 01:12,77.94
2025-01-25 02:18,77.94
2025-01-25 03:10,77.90
2025-01-25 04:14,77.89
2025-01-25 05:12,77.85
2025-01-25 06:12,77.85
2025-01-25 07:12,77.81
2025-01-25 09:02,77.77
2025-01-25 10:36,77.74
2025-01-25 11:13,77.72
2025-01-25 12:15,77.72
2025-01-25 13:12,77.68
2025-01-25 14:17,77.67
2025-01-25 15:11,77.64
2025-01-25 16:16,77.62
2025-01-25 17:14,77.60
2025-01-25 18:12,77.58
2025-01-25 19:11,77.56
2025-01-25 20:24,77.52
2025-01-25 21:14,77.52
2025-01-25 22:11,77.50
2025-01-25 23:12,77.48
2025-01-26 00:16,77.45
2025-01-26 01:10,77.44
2025-01-26 02:17,77.41
2025-01-26 03:10,77.40
2025-01-26 04:13,77.38
2025-01-26 05:11,77.36
2025-01-26 06:13,77.34
2025-01-26 07:13,77.32
2025-01-26 09:07,77.28
2025-01-26 10:42,77.24
2025-01-26 11:16,77.24
2025-01-26 12:16,77.23
2025-01-26 13:13,77.20
2025-01-26 14:17,77.20
2025-01-26 15:11,77.16
2025-01-26 16:15,77.16
2025-01-26 17:13,77.12
2025-01-26 18:13,77.12
2025-01-26 19:10,77.08
2025-01-26 20:24,77.08
2025-01-26 21:14,77.04
2025-01-26 22:11,77.04
2025-01-26 23:12,77.01
2025-01-27 00:14,77.00
2025-01-27 01:11,76.99
2025-01-27 02:17,76.96
2025-01-27 03:10,76.96
2025-01-27 04:13,76.92
2025-01-27 05:11,76.92
2025-01-27 06:11,76.88
2025-01-27 07:12,76.88
2025-01-27 09:06,76.84
2025-01-27 10:42,76.80
2025-01-27 11:16,76.80
2025-01-27 12:17,76.79
2025-01-27 13:14,76.76
2025-01-27 14:20,76.74
2025-01-27 15:13,76.72
2025-01-27 16:19,76.70
2025-01-27 17:15,76.67
2025-01-27 18:15,76.67
2025-01-27 19:11,76.64
2025-01-27 20:28,76.62
2025-01-27 21:19,76.60
2025-01-27 22:13,76.59
2025-01-27 23:13,76.56
2025-01-28 00:17,76.56
2025-01-28 01:12,76.52
2025-01-28 02:19,76.52
2025-01-28 03:10,76.49
2025-01-28 04:15,76.47
2025-01-28 05:13,76.47
2025-01-28 06:13,76.44
2025-01-28 07:13,76.43
2025-01-28 09:05,76.40
2025-01-28 10:40,76.35
2025-01-28 11:15,76.35
2025-01-28 12:16,76.32
2025-01-28 13:13,76.31
2025-01-28 14:19,76.27
2025-01-28 15:13,76.27
2025-01-28 16:18,76.23
2025-01-28 17:14,76.23
2025-01-28 18:14,76.20
2025-01-28 19:11,76.19
2025-01-28 20:27,76.16
2025-01-28 21:19,76.15
2025-01-28 22:13,76.15
2025-01-28 23:15,76.11
2025-01-29 00:17,76.11
2025-01-29 01:12,76.08
2025-01-29 02:18,76.07
2025-01-29 03:11,76.04
2025-01-29 04:14,76.03
2025-01-29 05:12,76.00
2025-01-29 06:12,75.99
2025-01-29 07:12,75.98
2025-01-29 09:05,75.95
2025-01-29 10:39,75.92
2025-01-29 11:15,75.91
2025-01-29 12:16,75.88
2025-01-29 13:13,75.87
2025-01-29 14:19,75.84
2025-01-29 15:13,75.84
2025-01-29 16:18,75.80
2025-01-29 17:14,75.80
2025-01-29 18:14,75.76
2025-01-29 19:11,75.76
2025-01-29 20:27,75.72
2025-01-29 21:19,75.72
2025-01-29 22:12,75.68
2025-01-29 23:14,75.68
2025-01-30 00:17,75.65
2025-01-30 01:12,75.64
2025-01-30 02:19,75.63
2025-01-30 03:10,75.60
2025-01-30 04:14,75.59
2025-01-30 05:12,75.56
2025-01-30 06:13,75.56
2025-01-30 07:12,75.52
2025-01-30 09:04,75.51
2025-01-30 10:39,75.48
2025-01-30 11:15,75.47
2025-01-30 12:16,75.44
2025-01-30 13:14,75.43
2025-01-30 14:19,75.40
2025-01-30 15:12,75.40
2025-01-30 16:17,75.36
2025-01-30 17:14,75.36
2025-01-30 18:14,75.32
2025-01-30 19:12,75.32
2025-01-30 20:27,75.28
2025-01-30 21:19,75.28
2025-01-30 22:13,75.24
2025-01-30 23:14,75.24
2025-01-31 00:17,75.21
2025-01-31 01:12,75.20
2025-01-31 02:18,75.17
2025-01-31 03:10,75.16
2025-01-31 04:14,75.14
2025-01-31 05:12,75.13
2025-01-31 06:12,75.12
2025-01-31 07:14,75.09
2025-01-31 09:05,75.05
2025-01-31 10:40,75.04
2025-01-31 11:15,75.01
2025-01-31 12:16,75.01
2025-01-31 13:13,74.97
2025-01-31 14:20,74.97
2025-01-31 15:12,74.95
2025-01-31 16:17,74.93
2025-01-31 17:14,74.92
2025-01-31 18:14,74.89
2025-01-31 19:11,74.89
2025-01-31 20:26,74.85
2025-01-31 21:18,74.85
2025-01-31 22:12,74.82
2025-01-31 23:13,74.81
2025-02-01 00:16,74.79
2025-02-01 01:12,74.78
2025-02-01 02:18,74.77
2025-02-01 03:10,74.74
2025-02-01 04:14,74.74
2025-02-01 05:12,74.70
2025-02-01 06:12,74.70
2025-02-01 07:12,74.67
2025-02-01 09:09,74.66
2025-02-01 10:44,74.62
2025-02-01 11:18,74.62
2025-02-01 12:16,74.58
2025-02-01 13:12,74.58
2025-02-01 14:18,74.55
2025-02-01 15:13,74.54
2025-02-01 16:16,74.54
2025-02-01 17:13,74.50
2025-02-01 18:13,74.50
2025-02-01 19:10,74.47
2025-02-01 20:24,74.46
2025-02-01 21:14,74.45
2025-02-01 22:11,74.42
2025-02-01 23:15,74.42
2025-02-02 00:14,74.39
2025-02-02 01:11,74.38
2025-02-02 02:16,74.36
2025-02-02 03:09,74.35
2025-02-02 04:13,74.34
2025-02-02 05:12,74.31
2025-02-02 06:12,74.30
2025-02-02 07:12,74.29
2025-02-02 09:09,74.26
2025-02-02 10:42,74.23
2025-02-02 11:16,74.23
2025-02-02 12:15,74.22
2025-02-02 13:13,74.19
2025-02-02 14:17,74.18
2025-02-02 15:11,74.15
2025-02-02 16:15,74.15
2025-02-02 17:12,74.14
2025-02-02 18:13,74.11
2025-02-02 19:11,74.11
2025-02-02 20:23,74.07
2025-02-02 21:14,74.07
2025-02-02 22:11,74.06
2025-02-02 23:13,74.03
2025-02-03 00:15,74.03
2025-02-03 01:12,74.02
2025-02-03 02:17,73.99
2025-02-03 03:10,73.98
2025-02-03 04:13,73.98
2025-02-03 05:11,73.95
2025-02-03 06:12,73.94
2025-02-03 07:12,73.92
2025-02-03 09:06,73.90
2025-02-03 10:41,73.87
2025-02-03 11:18,73.86
2025-02-03 12:16,73.86
2025-02-03 13:13,73.83
2025-02-03 14:19,73.82
2025-02-03 15:13,73.81
2025-02-03 16:18,73.78
2025-02-03 17:15,73.78
2025-02-03 18:15,73.75
2025-02-03 19:11,73.74
2025-02-03 20:27,73.74
2025-02-03 21:19,73.70
2025-02-03 22:13,73.70
2025-02-03 23:14,73.70
2025-02-04 00:17,73.66
2025-02-04 01:12,73.66
2025-02-04 02:19,73.64
2025-02-04 03:11,73.62
2025-02-04 04:15,73.62
2025-02-04 05:12,73.59
2025-02-04 06:12,73.58
2025-02-04 07:13,73.57
2025-02-04 09:05,73.54
2025-02-04 10:41,73.53
2025-02-04 11:16,73.50
2025-02-04 12:16,73.50
2025-02-04 13:13,73.49
2025-02-04 14:19,73.46
2025-02-04 15:13,73.45
2025-02-04 16:18,73.42
2025-02-04 17:14,73.41
2025-02-04 18:14,73.40
2025-02-04 19:12,73.38
2025-02-04 20:28,73.37
2025-02-04 21:20,73.34
2025-02-04 22:13,73.34
2025-02-04 23:14,73.33
2025-02-05 00:17,73.30
2025-02-05 01:12,73.30
2025-02-05 02:19,73.28
2025-02-05 03:11,73.26
2025-02-05 04:15,73.26
2025-02-05 05:12,73.21
2025-02-05 06:13,73.21
2025-02-05 07:13,73.21
2025-02-05 09:06,73.17
2025-02-05 10:42,73.14
2025-02-05 11:17,73.13
2025-02-05 12:17,73.13
2025-02-05 13:14,73.09
2025-02-05 14:19,73.09
2025-02-05 15:13,73.09
2025-02-05 16:17,73.05
2025-02-05 17:15,73.05
2025-02-05 18:14,73.01
2025-02-05 19:11,73.01
2025-02-05 20:28,72.98
2025-02-05 21:20,72.97
2025-02-05 22:13,72.97
2025-02-05 23:14,72.94
2025-02-06 00:17,71.70
2025-02-06 01:12,69.04
2025-02-06 02:19,65.83
2025-02-06 03:11,65.00
2025-02-06 04:15,64.42
2025-02-06 05:13,63.89
2025-02-06 06:13,63.42
2025-02-06 07:13,62.90
2025-02-06 09:06,61.70
2025-02-06 10:42,260.15
2025-02-06 11:17,259.57
2025-02-06 12:16,258.62
2025-02-06 13:15,257.88
2025-02-06 14:20,256.80
2025-02-06 15:13,255.99
2025-02-06 16:18,254.96
2025-02-06 17:14,254.10
2025-02-06 18:14,253.18
2025-02-06 19:11,252.31
2025-02-06 20:28,250.06
2025-02-06 21:20,248.87
2025-02-06 22:13,246.26
2025-02-06 23:15,243.59
2025-02-07 00:15,242.79
2025-02-07 01:12,242.09
2025-02-07 02:19,241.31
2025-02-07 03:11,240.68
2025-02-07 04:15,239.90
2025-02-07 05:13,239.16
2025-02-07 06:13,238.48
2025-02-07 07:15,237.70
2025-02-07 09:06,236.25
2025-02-07 10:44,235.15
2025-02-07 11:18,234.74
2025-02-07 12:17,234.10
2025-02-07 13:13,233.48
2025-02-07 14:20,233.16
2025-02-07 15:13,232.99
2025-02-07 16:18,232.73
2025-02-07 17:14,232.55
2025-02-07 18:14,232.16
2025-02-07 19:11,230.09
2025-02-07 20:27,228.20
2025-02-07 21:19,226.57
2025-02-07 22:13,223.71
2025-02-07 23:14,222.30
2025-02-08 00:17,221.42
2025-02-08 01:12,219.83
2025-02-08 02:19,219.34
2025-02-08 03:11,219.30
2025-02-08 04:15,219.29
2025-02-08 05:12,219.23
2025-02-08 06:12,219.23
2025-02-08 07:13,219.21
2025-02-08 09:04,218.58
2025-02-08 10:39,216.60
2025-02-08 11:16,216.03
2025-02-08 12:16,215.09
2025-02-08 13:12,214.30
2025-02-08 14:17,213.46
2025-02-08 15:11,212.75
2025-02-08 16:16,211.45
2025-02-08 17:13,210.62
2025-02-08 18:13,209.62
2025-02-08 19:10,207.02
2025-02-08 20:25,204.23
2025-02-08 21:14,203.45
2025-02-08 22:11,202.68
2025-02-08 23:12,201.62
2025-02-09 00:15,200.96
2025-02-09 01:11,200.39
2025-02-09 02:17,199.69
2025-02-09 03:11,199.14
2025-02-09 04:13,198.40
2025-02-09 05:11,197.83
2025-02-09 06:11,197.13
2025-02-09 07:14,196.48
2025-02-09 09:10,195.28
2025-02-09 10:45,191.63
2025-02-09 11:18,190.09
2025-02-09 12:16,187.90
2025-02-09 13:14,184.34
2025-02-09 14:18,182.00
2025-02-09 15:12,181.73
2025-02-09 16:16,180.94
2025-02-09 17:13,180.31
2025-02-09 18:14,179.41
2025-02-09 19:10,178.15
2025-02-09 20:24,176.97
2025-02-09 21:15,175.62
2025-02-09 22:11,173.57
2025-02-09 23:13,172.83
2025-02-10 00:14,172.52
2025-02-10 01:11,172.46
2025-02-10 02:17,172.40
2025-02-10 03:10,172.29
2025-02-10 04:13,172.25
2025-02-10 05:12,172.21
2025-02-10 06:13,172.12
2025-02-10 07:13,172.06
2025-02-10 09:07,171.04
2025-02-10 10:45,169.71
2025-02-10 11:19,169.32
2025-02-10 12:18,168.67
2025-02-10 13:15,168.02
2025-02-10 14:20,167.61
2025-02-10 15:14,167.42
2025-02-10 16:18,167.11
2025-02-10 17:16,166.89
2025-02-10 18:15,166.19
2025-02-10 19:11,162.82
2025-02-10 20:28,160.50
2025-02-10 21:20,158.52
2025-02-10 22:13,157.09
2025-02-10 23:15,154.75
2025-02-11 00:17,153.76
2025-02-11 01:11,153.70
2025-02-11 02:19,153.67
2025-02-11 03:11,153.66
2025-02-11 04:14,153.62
2025-02-11 05:13,153.58
2025-02-11 06:13,153.57
2025-02-11 07:14,153.56
2025-02-11 09:06,153.48
2025-02-11 10:44,153.40
2025-02-11 11:18,153.29
2025-02-11 12:16,152.97
2025-02-11 13:13,152.75
2025-02-11 14:19,152.45
2025-02-11 15:13,152.21
2025-02-11 16:18,151.97
2025-02-11 17:15,151.76
2025-02-11 18:16,151.46
2025-02-11 19:12,150.00
2025-02-11 20:28,146.80
2025-02-11 21:21,144.62
2025-02-11 22:13,143.59
2025-02-11 23:16,140.84
2025-02-12 00:19,139.88
2025-02-12 01:13,139.17
2025-02-12 02:18,138.49
2025-02-12 03:10,137.92
2025-02-12 04:15,137.21
2025-02-12 05:13,136.57
2025-02-12 06:13,135.95
2025-02-12 07:14,135.30
2025-02-12 09:06,134.12
2025-02-12 10:42,132.90
2025-02-12 11:17,132.45
2025-02-12 12:16,131.62
2025-02-12 13:14,130.82
2025-02-12 14:20,129.86
2025-02-12 15:13,129.15
2025-02-12 16:18,128.23
2025-02-12 17:15,127.48
2025-02-12 18:14,126.70
2025-02-12 19:12,125.51
2025-02-12 20:28,121.96
2025-02-12 21:20,120.81
2025-02-12 22:13,118.46
2025-02-12 23:15,117.87
2025-02-13 00:18,117.42
2025-02-13 01:13,117.35
2025-02-13 02:19,117.30
2025-02-13 03:11,117.29
2025-02-13 04:15,117.26
2025-02-13 05:13,117.20
2025-02-13 06:13,117.20
2025-02-13 07:12,117.18
2025-02-13 09:07,117.10
2025-02-13 10:43,116.88
2025-02-13 11:17,116.74
2025-02-13 12:16,116.52
2025-02-13 13:13,116.30
2025-02-13 14:19,115.99
2025-02-13 15:13,115.84
2025-02-13 16:18,115.63
2025-02-13 17:15,115.34
2025-02-13 18:15,114.76
2025-02-13 19:11,112.46
2025-02-13 20:28,110.82
2025-02-13 21:20,109.92
2025-02-13 22:13,108.57
2025-02-13 23:15,108.16
2025-02-14 00:18,107.59
2025-02-14 01:10,107.27
2025-02-14 02:19,107.19
2025-02-14 03:11,107.18
2025-02-14 04:15,107.17
2025-02-14 05:13,107.11
2025-02-14 06:13,107.09
2025-02-14 07:14,107.08
2025-02-14 09:06,106.99
2025-02-14 10:43,106.97
2025-02-14 11:17,106.89
2025-02-14 12:17,106.56
2025-02-14 13:13,106.35
2025-02-14 14:19,106.13
2025-02-14 15:13,105.87
2025-02-14 16:18,105.62
2025-02-14 17:15,105.41
2025-02-14 18:14,105.13
2025-02-14 19:11,104.88
2025-02-14 20:27,104.71
2025-02-14 21:20,104.59
2025-02-14 22:13,104.45
2025-02-14 23:15,104.20
2025-02-15 00:16,102.03
2025-02-15 01:12,101.49
2025-02-15 02:18,98.83
2025-02-15 03:11,97.52
2025-02-15 04:15,96.66
2025-02-15 05:12,95.99
2025-02-15 06:12,95.35
2025-02-15 07:13,94.70
2025-02-15 09:05,92.85
2025-02-15 10:42,89.88
2025-02-15 11:17,89.31
2025-02-15 12:17,88.28
2025-02-15 13:13,86.84
2025-02-15 14:18,85.82
2025-02-15 15:11,85.02
2025-02-15 16:16,84.11
2025-02-15 17:13,83.26
2025-02-15 18:13,81.76
2025-02-15 19:10,79.28
2025-02-15 20:24,78.14
2025-02-15 21:15,77.41
2025-02-15 22:11,75.38
2025-02-15 23:13,73.14
2025-02-16 00:15,72.10
2025-02-16 01:11,71.53
2025-02-16 02:16,70.87
2025-02-16 03:11,70.38
2025-02-16 04:13,69.78
2025-02-16 05:12,69.17
2025-02-16 06:12,68.61
2025-02-16 07:12,68.04
2025-02-16 09:12,66.83
2025-02-16 10:50,65.77
2025-02-16 11:20,64.57
2025-02-16 12:16,62.25
2025-02-16 13:13,60.71
2025-02-16 14:18,60.34
2025-02-16 15:13,60.06
2025-02-16 16:16,59.73
2025-02-16 17:13,59.48
2025-02-16 18:13,59.24
2025-02-16 19:11,58.89
2025-02-16 20:27,56.63
2025-02-16 21:16,55.74
2025-02-16 22:12,55.52
2025-02-16 23:12,54.08
2025-02-17 00:15,251.31
2025-02-17 01:11,250.55
2025-02-17 02:17,250.48
2025-02-17 03:11,250.47
2025-02-17 04:14,250.40
2025-02-17 05:12,250.37
2025-02-17 06:12,250.36
2025-02-17 07:12,250.32
2025-02-17 09:09,250.27
2025-02-17 10:48,249.97
2025-02-17 11:20,249.83
2025-02-17 12:17,249.63
2025-02-17 13:15,249.35
2025-02-17 14:20,249.07
2025-02-17 15:14,248.92
2025-02-17 16:19,248.73
2025-02-17 17:16,248.53
2025-02-17 18:16,248.33
2025-02-17 19:12,246.61
2025-02-17 20:29,242.62
2025-02-17 21:22,240.52
2025-02-17 22:14,238.19
2025-02-17 23:15,235.84
2025-02-18 00:17,234.90
2025-02-18 01:12,233.56
2025-02-18 02:18,233.08
2025-02-18 03:11,233.07
2025-02-18 04:14,233.02
2025-02-18 05:12,232.99
2025-02-18 06:12,232.98
2025-02-18 07:13,232.95
2025-02-18 09:06,232.88
2025-02-18 10:42,232.82
2025-02-18 11:17,232.79
2025-02-18 12:17,232.78
2025-02-18 13:14,232.74
2025-02-18 14:19,232.61
2025-02-18 15:13,232.56
2025-02-18 16:18,232.51
2025-02-18 17:15,232.42
2025-02-18 18:15,232.30
2025-02-18 19:11,232.19
2025-02-18 20:28,228.27
2025-02-18 21:20,226.15
2025-02-18 22:13,224.11
2025-02-18 23:15,221.85
2025-02-19 00:18,220.08
2025-02-19 01:13,219.40
2025-02-19 02:20,219.32
2025-02-19 03:11,219.32
2025-02-19 04:15,219.28
2025-02-19 05:13,219.23
2025-02-19 06:13,219.22
2025-02-19 07:13,219.21
2025-02-19 09:07,219.13
2025-02-19 10:44,219.04
2025-02-19 11:19,218.87
2025-02-19 12:17,218.68
2025-02-19 13:14,218.52
2025-02-19 14:20,218.25
2025-02-19 15:13,218.09
2025-02-19 16:19,217.90
2025-02-19 17:15,217.71
2025-02-19 18:15,217.49
2025-02-19 19:12,217.35
2025-02-19 20:26,213.07
2025-02-19 21:20,210.44
2025-02-19 22:13,209.28
2025-02-19 23:15,207.62
2025-02-20 00:17,206.17
2025-02-20 01:12,205.47
2025-02-20 02:18,205.31
2025-02-20 03:11,205.25
2025-02-20 04:15,205.24
2025-02-20 05:13,205.23
2025-02-20 06:13,205.15
2025-02-20 07:13,205.15
2025-02-20 09:07,205.08
2025-02-20 10:45,205.05
2025-02-20 11:18,205.04
2025-02-20 12:17,204.99
2025-02-20 13:14,204.69
2025-02-20 14:19,204.48
2025-02-20 15:13,204.29
2025-02-20 16:18,204.01
2025-02-20 17:15,203.86
2025-02-20 18:15,203.69
2025-02-20 19:12,203.48
2025-02-20 20:28,199.88
2025-02-20 21:21,196.98
2025-02-20 22:14,194.17
2025-02-20 23:16,191.11
2025-02-21 00:18,188.93
2025-02-21 01:12,188.34
2025-02-21 02:19,188.33
2025-02-21 03:11,188.33
2025-02-21 04:15,188.25
2025-02-21 05:12,188.24
2025-02-21 06:13,188.23
2025-02-21 07:14,188.18
2025-02-21 09:07,186.99
2025-02-21 10:46,185.31
2025-02-21 11:19,184.79
2025-02-21 12:18,183.79
2025-02-21 13:13,182.66
2025-02-21 14:20,181.70
2025-02-21 15:14,180.94
2025-02-21 16:18,180.04
2025-02-21 17:14,179.27
2025-02-21 18:15,178.50
2025-02-21 19:11,177.75
2025-02-21 20:28,174.28
2025-02-21 21:20,172.22
2025-02-21 22:12,170.68
2025-02-21 23:14,167.89
2025-02-22 00:17,166.08
2025-02-22 01:12,163.54
2025-02-22 02:19,162.89
2025-02-22 03:11,162.35
2025-02-22 04:15,161.67
2025-02-22 05:12,161.12
2025-02-22 06:13,160.48
2025-02-22 07:14,159.88
2025-02-22 09:05,158.75
2025-02-22 10:41,157.79
2025-02-22 11:16,157.44
2025-02-22 12:16,156.33
2025-02-22 13:13,155.77
2025-02-22 14:19,155.01
2025-02-22 15:11,154.29
2025-02-22 16:16,153.55
2025-02-22 17:13,152.20
2025-02-22 18:13,151.50
2025-02-22 19:10,149.94
2025-02-22 20:24,146.94
2025-02-22 21:16,145.59
2025-02-22 22:12,143.61
2025-02-22 23:12,141.55
2025-02-23 00:15,140.72
2025-02-23 01:11,138.40
2025-02-23 02:16,137.84
2025-02-23 03:10,137.47
2025-02-23 04:13,136.94
2025-02-23 05:13,136.47
2025-02-23 06:12,135.98
2025-02-23 07:12,135.53
2025-02-23 09:12,134.54
2025-02-23 10:50,133.78
2025-02-23 11:20,133.53
2025-02-23 12:16,132.58
2025-02-23 13:13,131.81
2025-02-23 14:18,130.82
2025-02-23 15:12,129.32
2025-02-23 16:17,128.48
2025-02-23 17:13,127.67
2025-02-23 18:14,125.99
2025-02-23 19:11,124.64
2025-02-23 20:25,123.33
2025-02-23 21:16,121.30
2025-02-23 22:13,120.41
2025-02-23 23:12,117.75
2025-02-24 00:15,115.43
2025-02-24 01:12,113.88
2025-02-24 02:17,113.36
2025-02-24 03:10,113.00
2025-02-24 04:14,112.36
2025-02-24 05:12,111.95
2025-02-24 06:12,111.45
2025-02-24 07:12,110.95
2025-02-24 09:09,110.02
2025-02-24 10:50,109.23
2025-02-24 11:22,109.05
2025-02-24 12:17,108.59
2025-02-24 13:14,108.24
2025-02-24 14:21,107.99
2025-02-24 15:14,107.78
2025-02-24 16:19,107.54
2025-02-24 17:16,107.33
2025-02-24 18:16,104.49
2025-02-24 19:12,102.97
2025-02-24 20:29,101.03
2025-02-24 21:22,98.23
2025-02-24 22:14,95.64
2025-02-24 23:16,94.72
2025-02-25 00:19,93.62
2025-02-25 01:12,92.44
2025-02-25 02:20,91.45
2025-02-25 03:11,90.91
2025-02-25 04:16,90.36
2025-02-25 05:12,89.81
2025-02-25 06:13,89.28
2025-02-25 07:13,88.77
2025-02-25 09:09,87.64
2025-02-25 10:49,86.74
2025-02-25 11:21,86.46
2025-02-25 12:17,85.95
2025-02-25 13:14,85.37
2025-02-25 14:20,85.19
2025-02-25 15:14,85.12
2025-02-25 16:19,84.78
2025-02-25 17:15,84.46
2025-02-25 18:15,84.16
2025-02-25 19:12,83.84
2025-02-25 20:29,80.28
2025-02-25 21:22,78.28
2025-02-25 22:14,76.16
2025-02-25 23:16,74.55
2025-02-26 00:18,72.12
2025-02-26 01:15,71.99
2025-02-26 02:20,71.98
2025-02-26 03:12,71.97
2025-02-26 04:16,71.89
2025-02-26 05:13,71.88
2025-02-26 06:13,71.87
2025-02-26 07:13,71.79
2025-02-26 09:08,71.78
2025-02-26 10:48,71.70
2025-02-26 11:21,71.69
2025-02-26 12:18,71.69
2025-02-26 13:14,71.62
2025-02-26 14:20,71.48
2025-02-26 15:14,70.91
2025-02-26 16:19,70.62
2025-02-26 17:15,70.37
2025-02-26 18:15,169.67
2025-02-26 19:12,169.46
2025-02-26 20:29,166.44
2025-02-26 21:22,166.00
2025-02-26 22:14,163.55
2025-02-26 23:16,161.66
2025-02-27 00:18,160.63
2025-02-27 01:13,159.84
2025-02-27 02:20,159.10
2025-02-27 03:11,158.59
2025-02-27 04:16,157.93
2025-02-27 05:13,157.36
2025-02-27 06:13,156.80
2025-02-27 07:14,156.20
2025-02-27 09:08,155.08
2025-02-27 10:50,154.19
2025-02-27 11:21,153.91
2025-02-27 12:17,153.54
2025-02-27 13:14,153.23
2025-02-27 14:20,152.93
2025-02-27 15:14,152.72
2025-02-27 16:18,152.48
2025-02-27 17:15,152.31
2025-02-27 18:15,152.11
2025-02-27 19:12,151.89
2025-02-27 20:29,149.84
2025-02-27 21:22,148.67
2025-02-27 22:14,147.62
2025-02-27 23:16,146.11
2025-02-28 00:19,145.96
2025-02-28 01:13,145.91
2025-02-28 02:20,145.90
2025-02-28 03:11,145.87
2025-02-28 04:16,145.81
2025-02-28 05:13,145.80
2025-02-28 06:15,145.77
2025-02-28 07:14,145.72
2025-02-28 09:09,145.69
2025-02-28 10:50,145.62
2025-02-28 11:22,145.61
2025-02-28 12:18,145.59
2025-02-28 13:15,145.51
2025-02-28 14:20,145.51
2025-02-28 15:14,145.50
2025-02-28 16:18,145.33
2025-02-28 17:15,145.16
2025-02-28 18:15,144.99
2025-02-28 19:12,144.82
2025-02-28 20:28,143.12
2025-02-28 21:21,142.85
2025-02-28 22:13,141.30
2025-02-28 23:15,139.83
2025-03-01 00:18,139.40
2025-03-01 01:12,139.13
2025-03-01 02:19,139.10
2025-03-01 03:12,139.09
2025-03-01 04:15,139.01
2025-03-01 05:13,138.99
2025-03-01 06:13,138.99
2025-03-01 07:13,138.91
2025-03-01 09:13,138.89
2025-03-01 10:54,138.79
2025-03-01 11:27,138.79
2025-03-01 12:17,138.48
2025-03-01 13:13,138.02
2025-03-01 14:19,137.33
2025-03-01 15:12,136.86
2025-03-01 16:17,136.32
2025-03-01 17:13,135.92
2025-03-01 18:14,134.34
2025-03-01 19:10,133.43
2025-03-01 20:26,132.97
2025-03-01 21:17,132.65
2025-03-01 22:12,132.16
2025-03-01 23:13,129.78
2025-03-02 00:15,129.43
2025-03-02 01:11,129.19
2025-03-02 02:17,128.80
2025-03-02 03:10,128.69
2025-03-02 04:14,128.65
2025-03-02 05:12,128.65
2025-03-02 06:12,128.58
2025-03-02 07:14,128.49
2025-03-02 09:13,128.47
2025-03-02 10:52,128.32
2025-03-02 11:23,128.30
2025-03-02 12:16,128.30
2025-03-02 13:14,127.12
2025-03-02 14:19,125.10
2025-03-02 15:12,124.65
2025-03-02 16:16,124.28
2025-03-02 17:13,123.93
2025-03-02 18:14,123.37
2025-03-02 19:11,121.28
2025-03-02 20:25,118.88
2025-03-02 21:17,118.20
2025-03-02 22:13,117.76
2025-03-02 23:13,117.51
2025-03-03 00:16,117.26
2025-03-03 01:11,117.18
2025-03-03 02:19,117.12
2025-03-03 03:10,117.07
2025-03-03 04:14,117.00
2025-03-03 05:12,116.98
2025-03-03 06:13,116.90
2025-03-03 07:13,116.89
2025-03-03 09:11,116.77
2025-03-03 10:52,116.35
2025-03-03 11:24,116.22
2025-03-03 12:18,115.97
2025-03-03 13:14,115.78
2025-03-03 14:21,115.48
2025-03-03 15:15,115.28
2025-03-03 16:20,114.41
2025-03-03 17:17,114.21
2025-03-03 18:16,113.42
2025-03-03 19:12,111.50
2025-03-03 20:29,108.99
2025-03-03 21:22,107.31
2025-03-03 22:14,105.41
2025-03-03 23:16,104.67
2025-03-04 00:17,104.43
2025-03-04 01:13,103.84
2025-03-04 02:20,103.81
2025-03-04 03:11,103.77
2025-03-04 04:15,103.73
2025-03-04 05:14,103.70
2025-03-04 06:13,103.65
2025-03-04 07:13,103.64
2025-03-04 09:10,103.56
2025-03-04 10:51,103.48
2025-03-04 11:24,103.47
2025-03-04 12:17,103.12
2025-03-04 13:14,102.83
2025-03-04 14:20,102.36
2025-03-04 15:15,102.11
2025-03-04 16:17,101.94
2025-03-04 17:15,101.73
2025-03-04 18:16,101.52
2025-03-04 19:12,101.31
2025-03-04 20:29,97.89
2025-03-04 21:22,95.04
2025-03-04 22:14,94.14
2025-03-04 23:16,91.91
2025-03-05 00:18,90.21
2025-03-05 01:13,89.86
2025-03-05 02:20,89.82
2025-03-05 03:11,89.77
2025-03-05 04:15,89.77
2025-03-05 05:14,89.72
2025-03-05 06:13,89.68
2025-03-05 07:13,89.67
2025-03-05 09:10,89.59
2025-03-05 10:51,89.05
2025-03-05 11:23,88.80
2025-03-05 12:17,88.42
2025-03-05 13:14,88.02
2025-03-05 14:20,87.50
2025-03-05 15:14,87.16
2025-03-05 16:19,86.72
2025-03-05 17:16,85.70
2025-03-05 18:15,182.46
2025-03-05 19:12,181.64
2025-03-05 20:29,177.51
2025-03-05 21:22,175.92
2025-03-05 22:14,173.27
2025-03-05 23:16,171.35
2025-03-06 00:24,170.39
2025-03-06 01:13,169.92
2025-03-06 02:20,169.89
2025-03-06 03:12,169.84
2025-03-06 04:16,169.83
2025-03-06 05:13,169.77
2025-03-06 06:13,169.76
2025-03-06 07:14,169.73
2025-03-06 09:09,169.67
2025-03-06 10:52,169.60
2025-03-06 11:23,169.38
2025-03-06 12:17,169.15
2025-03-06 13:14,168.87
2025-03-06 14:20,168.63
2025-03-06 15:15,168.22
2025-03-06 16:18,167.95
2025-03-06 17:15,167.74
2025-03-06 18:15,167.46
2025-03-06 19:12,166.40
2025-03-06 20:29,163.49
2025-03-06 21:22,163.22
2025-03-06 22:14,161.42
2025-03-06 23:15,160.49
2025-03-07 00:18,158.57
2025-03-07 01:13,158.50
2025-03-07 02:20,158.48
2025-03-07 03:11,158.46
2025-03-07 04:16,158.40
2025-03-07 05:13,158.39
2025-03-07 06:13,158.34
2025-03-07 07:14,158.32
2025-03-07 09:10,158.24
2025-03-07 10:52,158.20
2025-03-07 11:24,158.12
2025-03-07 12:18,157.94
2025-03-07 13:14,157.73
2025-03-07 14:20,157.43
2025-03-07 15:14,157.23
2025-03-07 16:18,156.99
2025-03-07 17:15,156.73
2025-03-07 18:15,156.53
2025-03-07 19:12,155.59
2025-03-07 20:28,153.01
2025-03-07 21:21,151.63
2025-03-07 22:13,149.93
2025-03-07 23:15,147.30
2025-03-08 00:18,145.51
2025-03-08 01:12,144.61
2025-03-08 02:19,143.96
2025-03-08 03:11,143.47
2025-03-08 04:15,142.83
2025-03-08 05:11,142.26
2025-03-08 06:12,141.69
2025-03-08 07:11,141.08
2025-03-08 08:56,140.06
2025-03-08 09:56,139.30
2025-03-08 10:27,138.74
2025-03-08 11:13,138.20
2025-03-08 12:14,137.46
2025-03-08 13:11,137.00
2025-03-08 14:16,136.86
2025-03-08 15:11,136.59
2025-03-08 16:15,136.32
